,薪酬,地区,详细地址,链接,工作,公司,来源
0,1.5-2.5万/月  ,异地招聘        ,菲律宾马尼拉                        ,http://jobs.51job.com/overseas/96960873.html?s=01&t=0       ,珠海乐飞腾科技有限公司,IOS开发工程师驻菲律宾,_51job
1,0.8-1.5万/月  ,异地招聘        ,高新技术产业开发区新竹路4号新竹苑17幢1单元       ,http://jobs.51job.com/dongguan-sshq/89561444.html?s=01&t=0  ,东莞松山湖国际机器人研究院有限公司,EP-iOS开发工程师,_51job
2,1-1.5万/月    ,异地招聘        ,越秀区东风东路                       ,http://jobs.51job.com/guangzhou/93649526.html?s=01&t=0      ,福瑞博德软件开发（深圳）有限公司,IOS开发工程师,_51job
3,2-3万/月      ,异地招聘        ,上海市黄浦区外马路                     ,http://jobs.51job.com/shanghai-hpq/96210266.html?s=01&t=0   ,深圳市泉眼网络科技有限公司,ios开发工程师-上海-01090,_51job
4,1-1.5万/月    ,异地招聘        ,东莞松山湖高新技术产业开发区礼宾路4号松科苑11号楼3层  ,http://jobs.51job.com/dongguan/98052315.html?s=01&t=0       ,东莞市矩阵同创网络科技有限公司,安卓Android/IOS软件开发工程师,_51job
5,1.2-2万/月    ,异地招聘        ,香港上班每周三天，两天深圳，双休              ,http://jobs.51job.com/hongkong/96932520.html?s=01&t=0       ,深圳市南山区峡谷软件工作室,iOS高级开发工程师,_51job
6,1.2-2万/月    ,异地招聘        ,岳麓区文轩路27号麓谷钰园E3栋              ,http://jobs.51job.com/changsha/84704165.html?s=01&t=0       ,深信服科技股份有限公司,iOS高级开发工程师（非UI类）,_51job
7,0.8-1万/月    ,异地招聘        ,迪拜                            ,http://jobs.51job.com/overseas/98236756.html?s=01&t=0       ,深圳市清胜网络科技有限公司,iOS开发工程师,_51job
8,5-8千/月      ,异地招聘        ,衡山路18号远东大厦B座10层               ,http://jobs.51job.com/hadongbin-xfq/71549016.html?s=01&t=0  ,哈尔滨奥松机器人科技股份有限公司,IOS工程师,_51job
9,0.6-2万/月    ,异地招聘        ,郴州市北湖区龙泉路奇石馆小区三楼              ,http://jobs.51job.com/chenzhou/80836806.html?s=01&t=0       ,郴州七啸网络科技有限公司,Android安卓/ios苹果/反编译/逆向/反汇编工程师,_51job
10,2-4万/月      ,异地招聘        ,百度科技园1号楼                      ,http://jobs.51job.com/beijing-hdq/97580898.html?s=01&t=0    ,百度在线网络技术（北京）有限公司,车联网事业部_IOS 高级研发工程师,_51job
11,0.8-1.5万/月  ,异地招聘        ,佛山市顺德区乐从镇岭南大道南2号中欧中心          ,http://jobs.51job.com/foshan/97814240.html?s=01&t=0         ,华南智能机器人创新研究院,IOS开发工程师 （创新研发中心）,_51job
12,0.8-1万/月    ,异地招聘        ,凤笙路15号附1号                     ,http://jobs.51job.com/chongqing-jlpq/90362800.html?s=01&t=0 ,深圳金康特智能科技有限公司,iOS开发工程师（重庆岗）,_51job
13,0.8-1.3万/月  ,异地招聘        ,观山湖区贵阳公安局                     ,http://jobs.51job.com/guiyang/93614506.html?s=01&t=0        ,深圳市华士精成科技有限公司,iOS开发工程师-贵阳,_51job
14,10001-15000 ,深圳          ,深圳-福田区金田路与福华三路交汇处卓越世纪中心（地铁会展中心或岗厦站）,http://jobs.zhaopin.com/CZ619387180J00051982207.htm         ,iOS开发工程师 (福利待遇优）,深圳市和春多实业有限公司,zhilian
15,8000-12000  ,深圳          ,深圳市宝安区西乡街道金海路西西乡商会大厦7楼        ,http://jobs.zhaopin.com/366632732250047.htm                 ,IOS开发工程师,深圳市高科龙通讯设备有限公司,zhilian
16,10001-15000 ,深圳          ,东莞松山湖高新技术产业开发区礼宾路4号松科苑11号楼3层  ,http://jobs.zhaopin.com/627925086250072.htm                 ,IOS UE4游戏开发工程师,东莞市矩阵同创网络科技有限公司,zhilian
17,8000-15000  ,深圳          ,深圳市南山区粤海街道高新南七道深圳软件园T3大厦406室  ,http://jobs.zhaopin.com/355645928250335.htm                 ,IOS工程师,深圳市星网信通科技有限公司,zhilian
18,15001-20000 ,深圳          ,深圳市福田区航天大厦A座24层               ,http://jobs.zhaopin.com/201866836250787.htm                 ,高级iOS工程师,深圳前海金瑞龙互联网金融服务有限公司,zhilian
19,10000-20000 ,深圳          ,深圳市福田区航天大厦A座24楼               ,http://jobs.zhaopin.com/201866836250829.htm                 ,IOS开发工程师,深圳前海金瑞龙互联网金融服务有限公司,zhilian
20,20001-30000 ,深圳          ,上海市浦东新区张江368号29号楼812室         ,http://jobs.zhaopin.com/432165022252027.htm                 ,IOS开发深圳,上海睿璞企业管理咨询有限公司,zhilian
21,8000-15000  ,深圳          ,深圳市龙岗区龙城黄阁路天安数码城2栋B座301       ,http://jobs.zhaopin.com/315952115250524.htm                 ,IOS工程师,哈尔滨奥松机器人科技股份有限公司,zhilian
22,8000-16000  ,深圳          ,深圳市南山区高新南环路深圳湾科技生态园二区9栋A座4层404--405室,http://jobs.zhaopin.com/394414336250062.htm                 ,IOS开发工程师(和彩),深圳猴彩科技有限公司,zhilian
23,10000-15000 ,深圳          ,深圳市南山区粤海街道深南大道9996号松日鼎盛大厦7楼   ,http://jobs.zhaopin.com/518896783250045.htm                 ,iOS开发工程师,深圳市时代华盛网络科技有限公司,zhilian
24,10001-15000 ,深圳          ,南山区高新技术产业园区W2-A座101室          ,http://jobs.zhaopin.com/CZ728848040J00051539005.htm         ,IOS中级工程师,深圳六零加智能科技有限公司,zhilian
25,8000-12000  ,深圳          ,深圳市南山区海德三道天利中央广场一期20楼         ,http://jobs.zhaopin.com/141152146251301.htm                 ,IOS开发工程师（有经验的）,万达宝公司,zhilian
26,2001-4000   ,深圳          ,深圳市宝安区名优工业产品展示采购中心A座A308      ,http://jobs.zhaopin.com/565538130250224.htm                 ,IOS软件开发助理,广州玖维信息科技有限公司,zhilian
27,10001-15000 ,深圳          ,深圳市福田区深南路1093号中信大厦16层         ,http://jobs.zhaopin.com/CC414077319J00030631604.htm         ,web/安卓/iOS工程师,深圳肯信集团有限公司,zhilian
28,6001-8000   ,深圳          ,宝安西乡前进二路华盛辉B座西307             ,http://jobs.zhaopin.com/CZ722600840J00014325705.htm         ,ios手机开发工程师,深圳市艺融创科技有限公司,zhilian
29,10000-20000 ,深圳          ,深圳福田区华安保险大厦西塔福华一路1201室        ,http://jobs.zhaopin.com/CZ894728960J00090698801.htm         ,iOS开发工程师,深圳前海数维时代科技有限公司,zhilian
30,5000-10000  ,深圳          ,宝安区西乡宝安大道4018华丰国际商务大厦1013室    ,http://jobs.zhaopin.com/656807123250011.htm                 ,ios开发工程师,深圳市二十四小时网络科技有限公司,zhilian
31,10001-15000 ,深圳          ,深圳市南山区科技园科技南路十二路28号康佳研发大厦B区7层康佳之星-出电梯左边门（地铁站：高新园D出口）,http://jobs.zhaopin.com/CZ898698860J00026682807.htm         ,ios开发工程师,深圳市智国互联科技有限公司,zhilian
32,8000-16000  ,深圳          ,深圳市南山区桃园街道1183号南山云谷创园业朗山阁401  ,http://jobs.zhaopin.com/394414336250003.htm                 ,IOS开发工程师,深圳猴彩科技有限公司,zhilian
33,6001-8000   ,深圳          ,广东省珠海市高新区（唐家湾）哈工大研发楼二楼B201    ,http://jobs.zhaopin.com/244556388250085.htm                 ,ios工程师,珠海市鼎芯科技有限公司,zhilian
34,10001-15000 ,深圳          ,深圳南山深南大道数字文化产业基地西塔607         ,http://jobs.zhaopin.com/CC673392020J00059727203.htm         ,ios开发工程师,深圳市美贝壳科技有限公司,zhilian
35,10000-20000 ,深圳          ,深圳市宝安区新安六路金融港大厦8层810-816      ,http://jobs.zhaopin.com/490952484250081.htm                 ,IOS开发工程师,深圳小马资本管理有限公司,zhilian
36,10001-15000 ,深圳          ,深圳市福田区卓越时代广场                  ,http://jobs.zhaopin.com/602893339250011.htm                 ,ios开发工程师,深圳前海全盈科技有限公司,zhilian
37,12000-20000 ,深圳          ,深圳市南山区大冲国际中心13层               ,http://jobs.zhaopin.com/CZ717907140J00054774003.htm         ,ios开发工程师,深圳市前海谷雨网络科技有限公司,zhilian
38,8000-15000  ,深圳          ,深圳奥尼电子股份有限公司                  ,http://jobs.zhaopin.com/448501337250011.htm                 ,IOS软件开发工程师,深圳奥尼电子股份有限公司,zhilian
39,13000-18000 ,深圳          ,南山区大冲商务中心C座1108室              ,http://jobs.zhaopin.com/430242285250144.htm                 ,IOS研发工程师,深圳市珍品汇电子商务有限公司,zhilian
40,15000-25000 ,深圳          ,文艺路11号华润大厦B座23楼               ,http://jobs.zhaopin.com/513552485250012.htm                 ,《天天狼人杀》 iOS高级开发工程师,沈阳美嘉信息科技有限公司,zhilian
41,15000-20000 ,深圳          ,深圳市福田区滨河路辅道新洲十一街1239号中央西谷大厦   ,http://jobs.zhaopin.com/397569336250342.htm                 ,iOS开发工程师,深圳前海东元投资有限公司,zhilian
42,10001-15000 ,深圳          ,深圳市南山区软件产业基地2栋C座604A          ,http://jobs.zhaopin.com/CZ719388040J00050218605.htm         ,ios开发工程师,深圳市云宝聚合网络科技有限公司,zhilian
43,30000-50000 ,深圳          ,宝安区海秀路21号龙光世纪大厦A栋             ,http://jobs.zhaopin.com/CZ614136280J00029652104.htm         ,iOS高级开发工程师,深圳市猎优管理咨询有限公司,zhilian
44,15001-20000 ,深圳          ,深圳市龙岗区宝龙比亚迪工业园                ,http://jobs.zhaopin.com/132962994254027.htm                 ,BIOS 软件工程师,比亚迪股份有限公司,zhilian
45,10001-15000 ,深圳          ,长沙市雨花区杉木冲东路红星美凯龙红星现代商务中心C5059 ,http://jobs.zhaopin.com/622302625250069.htm                 ,IOS开发工程师（招技术人员回长沙发展）,长沙乐和乐器有限公司,zhilian
46,8000-15000  ,深圳          ,深圳市罗湖区翠竹路1050号高标大厦1001室       ,http://jobs.zhaopin.com/504580727250208.htm                 ,IOS开发工程师,深圳市一道网络有限公司,zhilian
47,15001-20000 ,深圳          ,南山区                           ,http://jobs.zhaopin.com/CZ680928720J00098780901.htm         ,高级IOS工程师,锐仕方达(北京)人力资源顾问有限公司武汉分公司,zhilian
48,3500-5500   ,深圳          ,深圳市福田区泰然七路25号苍松大厦16楼          ,http://jobs.zhaopin.com/CZ631364130J00030082506.htm         ,初级工程师（前端）-（iOS/Android/H5）,广州超飞信息科技有限公司,zhilian
49,10001-15000 ,深圳          ,深圳市福田区生命保险大厦606室              ,http://jobs.zhaopin.com/502810331250028.htm                 ,IOS开发工程师,深圳市贝享网络科技有限公司,zhilian
50,8000-12000  ,深圳          ,zzzzzzzzz                     ,http://jobs.zhaopin.com/491404230250005.htm                 ,ios开发工程师,易商米保(深圳)电子商务有限公司,zhilian
51,10001-15000 ,深圳          ,龙华新区龙华街道联弓路15号华南大厦6F          ,http://jobs.zhaopin.com/CC321591288J00101059101.htm         ,ios安卓开发工程师,中铭智控股管理(深圳)有限公司,zhilian
52,10000-12000 ,深圳          ,南山区桃园路田夏金牛广场                  ,http://jobs.zhaopin.com/CZ614598730J00024900102.htm         ,ios开发工程师,深圳市开拓者软件技术有限公司,zhilian
53,10000-15000 ,深圳          ,南山区硅谷大学城创业园A座705              ,http://jobs.zhaopin.com/CZ722324140J00050688007.htm         ,ios工程师,深圳市裂石影音科技有限公司,zhilian
54,15001-20000 ,深圳          ,马来西亚或菲律宾                      ,http://jobs.zhaopin.com/557835620250584.htm                 ,ios工程师（工作地点：菲律宾或马来西亚）,深圳市第一企业管理咨询有限公司,zhilian
55,15001-20000 ,深圳          ,菲律宾马尼拉                        ,http://jobs.zhaopin.com/519450227250906.htm                 ,IOS工程师,深圳彩旗飘扬劳务派遣有限公司,zhilian
56,15001-20000 ,深圳          ,深圳光明新区观光路3009号招商局科技园A3栋D单元11楼 ,http://jobs.zhaopin.com/274853134250009.htm                 ,IOS软件开发工程师,深圳市维尔米物联网信息技术有限公司,zhilian
57,20000-35000 ,深圳          ,深圳市宝安区西乡街道76区前进二路丽景城          ,http://jobs.zhaopin.com/CZ738805940J00073806201.htm         ,ios开发工程师(长期出差柬埔寨),深圳市澳静乐贸易有限公司,zhilian
58,6001-8000   ,深圳          ,深圳市南山区高新园大冲商务中心25层            ,http://jobs.zhaopin.com/CC485505283J00099012001.htm         ,急招手机软件开发（IOS、Android）,深圳市星诚软件开发有限公司,zhilian
59,8001-10000  ,深圳          ,深圳市南山区阳光科创中心A座18楼02单元         ,http://jobs.zhaopin.com/CZ719017240J00051574205.htm         ,ios苹果开发工程师,深圳市前海普天永利网络科技有限公司,zhilian
60,13000-18000 ,深圳          ,深圳市南山区桃园路171号平安银行大厦11C        ,http://jobs.zhaopin.com/153526210250208.htm                 ,ios开发工程师,深圳市百易信息技术有限公司,zhilian
61,4001-6000   ,深圳          ,滨河大道中央西谷大厦22楼                 ,http://jobs.zhaopin.com/CZ344222830J00019890204.htm         ,ios开发工程师(双休+奖金),深圳市融联辉科技有限公司,zhilian
62,10000-20000 ,深圳          ,深圳市宝安中心区罗田路体育中心游泳馆西侧二楼        ,http://jobs.zhaopin.com/442680536250039.htm                 ,IOS开发工程师,深圳茶通电子商务有限公司,zhilian
63,15000-30000 ,深圳          ,深圳市南山区西丽留仙洞顺和达工业区A2栋5楼西       ,http://jobs.zhaopin.com/272529818251701.htm                 ,IOS开发工程师,上海西默通信技术有限公司,zhilian
64,5000-10000  ,深圳          ,河源市源城区河源大道南205号               ,http://jobs.zhaopin.com/305566887250037.htm                 ,ios软件开发工程师（工作地点：河源市）,河源源丰电子有限公司,zhilian
65,15000-30000 ,深圳          ,深圳市                           ,http://jobs.zhaopin.com/136385323251460.htm                 ,iOS高级开发工程师,深圳市拓展信息咨询有限公司,zhilian
66,15000-30000 ,深圳          ,湖北                            ,http://jobs.zhaopin.com/208000237251034.htm                 ,高级/资深IOS开发工程师,深圳艾诺管理咨询有限公司,zhilian
67,10001-15000 ,深圳          ,罗湖区振业大厦A座27楼FGH               ,http://jobs.zhaopin.com/CZ743512140J00062699501.htm         ,ios开发工程师,深圳市定点咨询有限公司,zhilian
68,10000-20000 ,深圳          ,深圳市南山区中山园路1001号TCL产业园国际E城E1栋8层,http://jobs.zhaopin.com/137261580250884.htm                 ,游戏开发工程师（C++/android/ios）,深圳市东方博雅科技有限公司,zhilian
69,8001-10000  ,深圳          ,深圳市宝安区华源科技创新园B座2区220          ,http://jobs.zhaopin.com/517946724250093.htm                 ,iOS开发工程师,深圳市蜂窝网络有限公司,zhilian
70,10001-15000 ,深圳          ,研发中心：深圳市南山区科技园清华信息港综合楼901     ,http://jobs.zhaopin.com/369409319250076.htm                 ,iOS应用开发工程师,深圳市百川安防科技有限公司,zhilian
71,8000-15000  ,深圳          ,郑州市金水区花园路农业路交汇处招银大厦2105、2106、1808,http://jobs.zhaopin.com/400420715250296.htm                 ,IOS开发工程师(高级，郑州工作）,郑州软盟通信技术有限公司,zhilian
72,8000-9000   ,深圳          ,深圳市宝安区宝安大道4004号旭生大厦1717室      ,http://jobs.zhaopin.com/316496522250114.htm                 ,IOS开发工程师,深圳量子在线信息网络有限公司,zhilian
73,10000-20000 ,深圳          ,南山区大冲商务中心C座1108室              ,http://jobs.zhaopin.com/430242285250147.htm                 ,系统IOS开发工程师,深圳市珍品汇电子商务有限公司,zhilian
74,10001-15000 ,深圳          ,广东省深圳市南山区科苑路11号金融科技大厦A座25/26层 ,http://jobs.zhaopin.com/202084928250204.htm                 ,IOS工程师,深圳市智美达科技股份有限公司,zhilian
75,6001-8000   ,深圳          ,深圳龙华清湖地铁站A出口出来，福轩大厦302        ,http://jobs.zhaopin.com/318814438250001.htm                 ,iOSP苹果APP开发,深圳市科创致远科技有限公司,zhilian
76,10001-15000 ,深圳          ,深圳市龙华民治南贤商业广场A座18楼1808        ,http://jobs.zhaopin.com/296499838250066.htm                 ,iOS开发工程师/苹果开发工程师,深圳前海第一网络科技有限公司,zhilian
77,10000-20000 ,深圳          ,福田区深南大道6019号金润大厦22AB          ,http://jobs.zhaopin.com/344912182250005.htm                 ,iOS开发工程师,深圳滴度网络科技有限公司,zhilian
78,10001-15000 ,深圳          ,广东省深圳市南山区高新技术园中区科苑大道讯美科技广场2栋  ,http://jobs.zhaopin.com/201929785250149.htm                 ,IOS开发工程师,深圳市爱康伟达智能医疗科技有限公司,zhilian
79,15000-30000 ,深圳          ,深圳宝安龙华新区大浪                    ,http://jobs.zhaopin.com/CC328022830J00030974904.htm         ,ios app高级开发工程师,深圳市飞天下科技有限公司,zhilian
80,20001-30000 ,深圳          ,深圳南山北环大道9106号                 ,http://jobs.zhaopin.com/265766032250123.htm                 ,资深IOS开发工程师,广东虚拟现实科技有限公司,zhilian
81,10001-15000 ,深圳          ,深圳市南山区前海路南岗商务大厦1506A          ,http://jobs.zhaopin.com/CZ893362660J00056747403.htm         ,中高级ios开发工程师,深圳前海金智慧科技有限公司,zhilian
82,6001-8000   ,深圳          ,惠州市江北文昌一路7号华贸大厦1单元8层08-09号    ,http://jobs.zhaopin.com/CC423139331J00096560601.htm         ,ios,广东赢鼎信息技术有限公司,zhilian
83,8001-10000  ,深圳          ,深圳市南山区高新技术产业园高新南七道19号深圳清华大学研究院C区C621,http://jobs.zhaopin.com/309537617250051.htm                 ,IOS应用开发工程师,深圳市金律科技有限公司,zhilian
84,8001-10000  ,深圳          ,福田区滨河大道9003号湖北大厦北区20D         ,http://jobs.zhaopin.com/CC406479835J00035411708.htm         ,ios开发工程师,深圳纽微特科技有限公司,zhilian
85,面议          ,深圳          ,深圳南山                          ,http://jobs.zhaopin.com/491230024250785.htm                 ,COM-内审主管IOS内控审计,招商路凯(中国)投资控股有限公司,zhilian
86,1.5-2万/月    ,深圳          ,南山区科技园高新中四道31号研祥大厦11楼B6-B8    ,http://jobs.51job.com/shenzhen/97416567.html?s=01&t=0       ,深圳暴雪奇迹科技有限公司,资深IOS/Android开发工程师,_51job
87,1-1.5万/月    ,深圳          ,罗湖区梨园路6号物资控股置地大厦19楼           ,http://jobs.51job.com/shenzhen/73238342.html?s=01&t=0       ,深圳市创盈金融控股有限公司,IOS开发工程师,_51job
88,1-1.8万/月    ,深圳          ,南山区                           ,http://jobs.51job.com/shenzhen/95546502.html?s=01&t=0       ,深圳兴融联科技股份有限公司,iOS开发工程师,_51job
89,1-1.5万/月    ,深圳          ,南山区学苑大道南山智园A4栋3楼（地铁五号环中线塘朗站附近高新智慧园区）,http://jobs.51job.com/shenzhen/96317893.html?s=01&t=0       ,深圳市源兴发科技有限公司,iOS开发工程师,_51job
90,0.8-1.5万/月  ,深圳          ,宝安区                           ,http://jobs.51job.com/shenzhen/86518944.html?s=01&t=0       ,深圳奥尼电子股份有限公司,iOS开发工程师,_51job
91,1.5-2.5万/月  ,深圳          ,深圳市南山区科技南12路28号康佳研发大厦20层      ,http://jobs.51job.com/shenzhen/97409097.html?s=01&t=0       ,深圳市六度人和科技有限公司,iOS高级开发工程师,_51job
92,0.7-1.3万/月  ,深圳          ,福田保税区桂花路5号加福广场（喜来登）西楼6层       ,http://jobs.51job.com/shenzhen/96383877.html?s=01&t=0       ,深圳市美力高集团有限公司,iOS软件开发工程师,_51job
93,1.3-2.5万/月  ,深圳          ,深圳市金蝶随手网科技有限公司 深圳市高新技术产业园南区科技 南十二路2号金蝶软件园,http://jobs.51job.com/shenzhen/85355344.html?s=01&t=0       ,深圳市随手科技有限公司,iOS开发工程师,_51job
94,1-1.6万/月    ,深圳          ,深圳市龙岗区南湾街道丹竹头康正路48号莲塘工业区办公楼四楼 ,http://jobs.51job.com/shenzhen/95869166.html?s=01&t=0       ,深圳市卡联科技股份有限公司,iOS开发工程师,_51job
95,0.7-1.1万/月  ,深圳          ,罗湖区                           ,http://jobs.51job.com/shenzhen/75597188.html?s=01&t=0       ,深圳四方精创资讯股份有限公司,iOS开发工程师,_51job
96,0.8-1.5万/月  ,深圳          ,福田区车公庙泰然八路云松大厦13B01           ,http://jobs.51job.com/shenzhen/95106464.html?s=01&t=0       ,北京联龙博通电子商务技术有限公司,iOS开发工程师,_51job
97,0.8-1万/月    ,深圳          ,深圳                            ,http://jobs.51job.com/shenzhen/68386292.html?s=01&t=0       ,中讯志远（武汉）科技有限公司,ios工程师,_51job
98,1.5-2.5万/月  ,深圳          ,深圳市罗湖区深圳发展中心大厦33楼             ,http://jobs.51job.com/shenzhen/94854485.html?s=01&t=0       ,佳兆业文化体育发展有限公司,IOS开发工程师,_51job
99,4.5-6千/月    ,深圳          ,深圳市南山区科技园讯美科技广场2号楼811         ,http://jobs.51job.com/shenzhen/93870893.html?s=01&t=0       ,铁将军汽车电子股份有限公司,iOS开发工程师,_51job
100,0.7-1.2万/月  ,深圳          ,南山区马家龙金龙工业城64栋2楼东侧            ,http://jobs.51job.com/shenzhen/83824278.html?s=01&t=0       ,佳思德科技（深圳）有限公司,iOS工程师,_51job
101,0.8-1.5万/月  ,深圳          ,深圳市南山区田厦国际B栋2240              ,http://jobs.51job.com/shenzhen/97372402.html?s=01&t=0       ,IFOOTAGE印迹,iOS开发工程师,_51job
102,4.5-6千/月    ,深圳          ,深圳南山科技园泰邦科技大厦                 ,http://jobs.51job.com/shenzhen/96418208.html?s=01&t=0       ,深圳华征大数据有限公司,IOS开发工程师,_51job
103,1-1.5万/月    ,深圳          ,深圳市南山区蛇口                      ,http://jobs.51job.com/shenzhen/95652309.html?s=01&t=0       ,上海速强信息技术有限公司,iOS开发工程师,_51job
104,0.8-1万/月    ,深圳          ,龙华新区优品文化创意园                   ,http://jobs.51job.com/shenzhen/97583223.html?s=01&t=0       ,深圳达普信科技有限公司,iOS开发工程师,_51job
105,0.6-1.5万/月  ,深圳          ,南山区科技园南区高新南一道中科大厦20楼          ,http://jobs.51job.com/shenzhen/96932449.html?s=01&t=0       ,深圳市彩易生活科技有限公司,iOS开发工程师,_51job
106,0.8-1.2万/月  ,深圳          ,深圳市南山区科技园高新南赋安科技大厦B505        ,http://jobs.51job.com/shenzhen/98204298.html?s=01&t=0       ,建荣半导体（深圳）有限公司,android\ios初级开发工程师,_51job
107,1.5-2.5万/月  ,深圳          ,深圳市南山区招商街道工业五路万维大厦501         ,http://jobs.51job.com/shenzhen/97969892.html?s=01&t=0       ,深圳爱加密科技有限公司,iOS安全研发工程师,_51job
108,0.8-1.6万/月  ,深圳          ,深圳市南山区高新南五道金证大楼四楼             ,http://jobs.51job.com/shenzhen/69147647.html?s=01&t=0       ,深圳市盈通数据服务股份有限公司,高级iOS开发工程师,_51job
109,1-2.5万/月    ,深圳          ,深圳福田区紫竹七道18号                  ,http://jobs.51job.com/shenzhen/97379042.html?s=01&t=0       ,矽立电子科技（上海）有限公司,iOS高级开发工程师,_51job
110,1-1.5万/月    ,深圳          ,恒丰工业园C6栋101                   ,http://jobs.51job.com/shenzhen/89281624.html?s=01&t=0       ,深圳立欧实业有限公司,iOS开发工程师,_51job
111,0.8-1万/月    ,深圳          ,深圳市南山区留仙大道1201号西丽大学城创客小镇15幢1-2层,http://jobs.51job.com/shenzhen/59057961.html?s=01&t=0       ,深圳飞豹航天航空科技有限公司,IOS开发工程师,_51job
112,1.5-2.5万/月  ,深圳          ,深圳市福田区华强北路群星广场A座24楼           ,http://jobs.51job.com/shenzhen/97618776.html?s=01&t=0       ,满金坝（深圳）科技有限公司,IOS高级开发工程师,_51job
113,1.5-2万/月    ,深圳          ,深圳市南山区大冲商务中心A座2601            ,http://jobs.51job.com/shenzhen/89996612.html?s=01&t=0       ,深圳鑫乐道科技有限公司,iOS开发工程师,_51job
114,1-2万/月      ,深圳          ,深圳南山区平山一路1号云谷二期11栋707室        ,http://jobs.51job.com/shenzhen/95023088.html?s=01&t=0       ,深圳市寒武纪智能科技有限公司,iOS开发工程师,_51job
115,1-1.5万/月    ,深圳          ,深圳市罗湖区翠竹路维平珠宝大厦12栋5楼（13栋同层，608室）,http://jobs.51job.com/shenzhen/98062766.html?s=01&t=0       ,深圳市爱度网联科技股份有限公司,iOS开发工程师,_51job
116,            ,深圳          ,                              ,http://jobs.51job.com/shenzhen/98227886.html?s=01&t=0       ,深圳市腾讯计算机系统有限公司,SNG08-社交平台iOS开发工程师（深圳）,_51job
117,1-1.7万/月    ,深圳          ,深圳市高新区高新中三道2号深圳软件园5号楼3层       ,http://jobs.51job.com/shenzhen/96644915.html?s=01&t=0       ,深圳市海云天科技股份有限公司,iOS高级开发工程师,_51job
118,1.5-2万/月    ,深圳          ,深圳南山科苑路科兴科学园C3单元502           ,http://jobs.51job.com/shenzhen/93176797.html?s=01&t=0       ,深圳市第一波网络科技有限公司,iOS开发工程师,_51job
119,10000-20000 ,深圳          ,总部地址：深圳市南山区滨海大道3012号三诺智慧大厦    ,http://jobs.zhaopin.com/601407085250002.htm                 ,BIOS工程师,深圳三诺信息科技有限公司,zhilian
120,1-1.5万/月    ,深圳          ,深圳市南山区蛇口南海大道 1079号数码大厦B座303   ,http://jobs.51job.com/shenzhen/92933972.html?s=01&t=0       ,深圳游禧科技有限公司,高级开发工程师（ios/android）,_51job
121,1-1.5万/月    ,深圳          ,南山区、福田区                       ,http://jobs.51job.com/shenzhen/95140741.html?s=01&t=0       ,广州柏欣计算机科技有限公司,iOS开发工程师,_51job
122,1-2万/月      ,深圳          ,南山区高新科技园北豪威大厦                 ,http://jobs.51job.com/shenzhen/98206995.html?s=01&t=0       ,广东宗兴合泰能源环保股份有限公司,iOS开发工程师,_51job
123,10000-15000 ,深圳          ,深圳市南山区大冲商务中心C座2103            ,http://jobs.zhaopin.com/301528788250112.htm                 ,IOS开发工程师,深圳市财蜂金融服务股份有限公司,zhilian
124,7000-10000  ,深圳          ,                              ,http://jobs.zhaopin.com/CZ899124330J00013336902.htm         ,IOS开发工程师,阻击兽科技(江苏)有限公司,zhilian
125,5000-8000   ,深圳          ,广东深圳宝安区石岩镇塘头村龙马信息科技工业园        ,http://jobs.zhaopin.com/12020031590250089000.htm            ,BIOS工程師,恩斯迈电子（深圳）有限公司,zhilian
126,9000-18000  ,深圳          ,深圳市福田车公庙泰然九路海松大厦              ,http://jobs.zhaopin.com/368629084250001.htm                 ,BIOS工程师,深圳市智微智能科技开发有限公司,zhilian
127,1000元以下     ,深圳          ,sserwr                        ,http://jobs.zhaopin.com/CZ724690250J00031118902.htm         ,ios1,lxy审核主账号日志,zhilian
128,1-1.2万/月    ,深圳          ,深圳市龙岗区坪地街道龙腾路22号华丰绿色能源创新科技园   ,http://jobs.51job.com/shenzhen/88535862.html?s=01&t=0       ,深圳市乐福衡器有限公司,iOS开发工程师,_51job
129,10001-15000 ,深圳          ,深圳宝安中心区第五大道高发西岸花园3期1B802      ,http://jobs.zhaopin.com/CC354867922J00022518714.htm         ,ios游戏开发工程师,北京摩丰科技有限公司,zhilian
130,5500-7800   ,深圳          ,深圳市福田区泰然七路25号苍松大厦16楼          ,http://jobs.zhaopin.com/CZ631364130J00030082306.htm         ,中级工程师（前端）-（iOS/Android/H5）,广州超飞信息科技有限公司,zhilian
131,15000-30000 ,深圳          ,陕西省西咸新区秦汉新城秦汉文创大厦12层          ,http://jobs.zhaopin.com/623731338250043.htm                 ,BIOS开发工程师,西安奥卡云数据科技有限公司,zhilian
132,15001-20000 ,深圳          ,郴州市北湖区龙泉路口奇石馆小区三楼             ,http://jobs.zhaopin.com/626952920250341.htm                 ,苹果/IOS/应用开发工程师,郴州七啸网络科技有限公司武汉分公司,zhilian
133,15001-20000 ,深圳          ,郴州市北湖区龙泉路口奇石馆小区三楼             ,http://jobs.zhaopin.com/626952920250309.htm                 ,Android安卓/ios苹果/反编译/逆向/反汇编工程师,郴州七啸网络科技有限公司武汉分公司,zhilian
134,10001-15000 ,深圳          ,南山区科技北三路南玻电子科技大厦5楼            ,http://jobs.zhaopin.com/CZ733163040J00073518101.htm         ,ios开发工程师,深圳天创息壤网络科技有限公司,zhilian
135,4001-6000   ,深圳          ,安徽芜湖市经济技术开发区银湖北路48号           ,http://jobs.zhaopin.com/142945588250359.htm                 ,APP开发工程师​（安卓、ios）,埃泰克汽车电子(芜湖)有限公司,zhilian
136,10000-15000 ,深圳          ,深圳市南山区粤海街道深南大道大冲商务中心D座12楼六合集团 ,http://jobs.zhaopin.com/CC631081237J00031840604.htm         ,ios开发工程师,深圳市合城实业发展有限公司,zhilian
137,0.8-1.5万/月  ,深圳          ,南山区科技园科技中三路1号海王银河科技大厦905      ,http://jobs.51job.com/shenzhen/82149246.html?s=01&t=0       ,深圳市迅龙创威网络技术有限公司,iOS 手机游戏SDK开发工程师,_51job
138,            ,深圳          ,                              ,http://jobs.51job.com/shenzhen/93315533.html?s=01&t=0       ,阿里巴巴集团,优酷-ios技术专家,_51job
139,0.8-1万/月    ,深圳          ,兆邦基金融大厦17F                    ,http://jobs.51job.com/shenzhen/81587128.html?s=01&t=0       ,上海星融财富投资顾问股份有限公司,IOS开发工程师,_51job
140,1-1.5万/月    ,深圳          ,深圳市南头湖滨中路智恒产业园19幢401          ,http://jobs.51job.com/shenzhen/97675551.html?s=01&t=0       ,深圳市优视技术有限公司,iOS开发工程师,_51job
141,0.8-1万/月    ,深圳          ,南山区                           ,http://jobs.51job.com/shenzhen/73779077.html?s=01&t=0       ,广州碧软信息科技有限公司,深圳IOS开发工程师,_51job
142,0.8-1.2万/月  ,深圳          ,深圳市南山区乌石头路天明科技大厦3楼            ,http://jobs.51job.com/shenzhen/97529528.html?s=01&t=0       ,深圳市考拉超课科技股份有限公司,iOS开发工程师,_51job
143,0.9-1.2万/月  ,深圳          ,福田区深南大道创建大厦21楼0203室           ,http://jobs.51job.com/shenzhen/94352379.html?s=01&t=0       ,深圳前海纳鑫控股集团有限公司,iOS开发工程师,_51job
144,0.7-1万/月    ,深圳          ,深圳市龙华区东环二路华商国际大厦8楼            ,http://jobs.51job.com/shenzhen/89457727.html?s=01&t=0       ,深圳市索智科技股份有限公司,iOS开发工程师,_51job
145,1.5-2千/月    ,深圳          ,深圳市龙岗区布吉镇南岭村南岭西路20号           ,http://jobs.51job.com/shenzhen/94389402.html?s=01&t=0       ,华行玩具（深圳）有限公司,Android/Ios程序員,_51job
146,0.6-1万/月    ,深圳          ,茶光路华文大厦5楼508                  ,http://jobs.51job.com/shenzhen/98170286.html?s=01&t=0       ,深圳偌珅科技有限公司,iOS开发工程师,_51job
147,1.2-2万/月    ,深圳          ,深圳龙岗平湖华南大道华南城北门行政楼5楼          ,http://jobs.51job.com/shenzhen/82223059.html?s=01&t=0       ,深圳华盛商业发展有限公司,ios开发经理,_51job
148,1-1.5万/月    ,深圳          ,深圳市南山区深南大道9996号松日鼎盛大厦6、7楼（腾讯大厦附近）,http://jobs.51job.com/shenzhen/97635059.html?s=01&t=0       ,深圳市中网彩网络技术有限公司,iOS开发工程师,_51job
149,0.8-1万/月    ,深圳          ,龙岗坂田五和大道                      ,http://jobs.51job.com/shenzhen/56825584.html?s=01&t=0       ,深圳市中信网实业有限公司,iOS 开发工程师,_51job
150,1-1.5万/月    ,深圳          ,深圳市南山区西丽镇众冠红花岭工业南区2区1栋2楼（公交：红花岭；大学城地铁站：B出口）,http://jobs.51job.com/shenzhen/97211089.html?s=01&t=0       ,深圳市普特生物医学工程有限公司,IOS工程师,_51job
151,0.8-1.1万/月  ,深圳          ,深圳市福田区深南大道凤凰大厦1栋13楼           ,http://jobs.51job.com/shenzhen/97112795.html?s=01&t=0       ,深圳市邦德培训中心,iOS开发工程师,_51job
152,1-1.5万/月    ,深圳          ,福田区金田路4036号荣超大厦12层            ,http://jobs.51job.com/shenzhen/90690922.html?s=01&t=0       ,广东盛迪嘉集团有限公司,iOS开发工程师,_51job
153,1-1.5万/月    ,深圳          ,深圳市福田区福华一路98号卓越大厦5楼503-511室   ,http://jobs.51job.com/shenzhen/89902667.html?s=01&t=0       ,香港宏安集团,iOS开发工程师,_51job
154,15-28万/年    ,深圳          ,广东省深圳市南山区朗山一路7号摩比大厦4-5层       ,http://jobs.51job.com/shenzhen/84634049.html?s=01&t=0       ,上海斐讯数据通信技术有限公司,软件工程师-iOS应用,_51job
155,8000-16000  ,深圳          ,深圳市光明新区高新路11号研祥智谷创祥地1号        ,http://jobs.zhaopin.com/000570605250754.htm                 ,BIOS工程师,研祥智能科技股份有限公司,zhilian
156,8000-15000  ,深圳          ,深圳市宝安67区留仙一路高新奇战略新兴产业园区2期1号楼2A02、04室,http://jobs.zhaopin.com/CC325103482J00049777105.htm         ,IOS开发工程师,深圳华会科技有限公司,zhilian
157,8000-13000  ,深圳          ,深圳龙华新区大浪街道雀山路口云峰路展润商务大厦六楼8618 ,http://jobs.zhaopin.com/CZ438556180J00029340703.htm         ,龙华新区ios工程师,微创宝(深圳)网络科技有限公司,zhilian
158,18000-25000 ,深圳          ,深圳市南山区后海大道2388号怡化金融科技大厦17楼    ,http://jobs.zhaopin.com/CZ466965980J00048782107.htm         ,ios高级开发工程师,深圳市芒柠科技有限公司,zhilian
159,面议          ,深圳          ,                              ,http://jobs.zhaopin.com/120072290294412.htm                 ,SNG08-社交平台iOS开发工程师（深圳）,深圳腾讯计算机系统有限公司,zhilian
160,面议          ,深圳          ,                              ,http://jobs.zhaopin.com/120072290293451.htm                 ,18796-《掌上英雄联盟》IOS移动客户端开发（深圳）,深圳腾讯计算机系统有限公司,zhilian
161,10001-15000 ,深圳          ,深圳市龙华新区清湖科技园B栋268             ,http://jobs.zhaopin.com/462090214250769.htm                 ,IOS开发工程师,深圳市易佰网络科技有限公司,zhilian
162,12000-17000 ,深圳          ,深圳市南山区科技园大冲商务中心D栋6楼Q房金服       ,http://jobs.zhaopin.com/342098384250163.htm                 ,iOS开发工程师,深圳前海小科互联网金融服务有限公司,zhilian
163,10000-20000 ,深圳          ,深圳市福田区民田路178号华融大厦6层           ,http://jobs.zhaopin.com/134467292251913.htm                 ,IOS开发岗,华林证券股份有限公司,zhilian
164,10000-20000 ,深圳          ,北京市海淀区丹棱街6号丹棱SOHO             ,http://jobs.zhaopin.com/236548783250217.htm                 ,iOS开发工程师,北京猿圈科技有限责任公司,zhilian
165,10001-15000 ,深圳          ,深圳南山、福田                       ,http://jobs.zhaopin.com/153170415251391.htm                 ,iOS开发工程师,成都迈思信息技术有限公司,zhilian
166,15001-20000 ,深圳          ,深圳市南山区学府路怡化金融科技大厦17楼          ,http://jobs.zhaopin.com/CZ897833860J00032712003.htm         ,ios开发工程师,深圳市源极光科技有限公司,zhilian
167,8000-15000  ,深圳          ,深圳市福田区福华三路168号荣超国际商会中心35楼     ,http://jobs.zhaopin.com/302426512250222.htm                 ,iOS开发工程师,环球资源,zhilian
168,8001-10000  ,深圳          ,深圳市惠科软件开发有限公司                 ,http://jobs.zhaopin.com/431295183250061.htm                 ,IOS开发工程师,深圳市惠科软件开发有限公司,zhilian
169,面议          ,深圳          ,                              ,http://jobs.zhaopin.com/120072290293744.htm                 ,SNG16-全民K歌IOS开发工程师（深圳）,深圳腾讯计算机系统有限公司,zhilian
170,15000-25000 ,深圳          ,深圳市福田区华强北路群星广场A座24楼           ,http://jobs.zhaopin.com/535117221250395.htm                 ,IOS高级开发工程师,满金坝（深圳）科技有限公司,zhilian
171,10000-20000 ,深圳          ,深圳                            ,http://jobs.zhaopin.com/236548783250077.htm                 ,IOS开发工程师,北京猿圈科技有限责任公司,zhilian
172,15001-20000 ,深圳          ,南山区大冲国际中心13层                  ,http://jobs.zhaopin.com/CZ730936640J00056215801.htm         ,ios,深圳市芒柠科技有限公司,zhilian
173,6001-8000   ,深圳          ,深圳市南山区高新园大冲商务中心25层            ,http://jobs.zhaopin.com/485505283250189.htm                 ,IOS开发程序员+双休,深圳市星诚软件开发有限公司,zhilian
174,7000-10000  ,深圳          ,深圳市龙岗区平湖镇平湖大街607号三楼           ,http://jobs.zhaopin.com/296787788250157.htm                 ,IOS开发工程师,深圳市车投财富互联网金融服务有限公司,zhilian
175,10001-15000 ,深圳          ,深圳市南山区科技路11号桑达科技工业园2号楼502室    ,http://jobs.zhaopin.com/435485814250239.htm                 ,iOS开发,深圳市博悦科创科技有限公司,zhilian
176,面议          ,深圳          ,深圳市福田区八卦三路平安大厦                ,http://jobs.zhaopin.com/138804812252680.htm                 ,高级研发工程师(iOS平台）（深圳）,平安科技(深圳)有限公司,zhilian
177,10001-15000 ,深圳          ,宝安区西乡街道金海路汇潮科技大厦1404室         ,http://jobs.zhaopin.com/629415822250172.htm                 ,IOS开发工程师,深圳市蓝禾照明有限公司,zhilian
178,4001-6000   ,深圳          ,深圳市罗湖区嘉宾路太平洋商贸大厦B座            ,http://jobs.zhaopin.com/557395088250326.htm                 ,ios开发实习生,深圳市克乐科技有限公司,zhilian
179,30000-50000 ,深圳          ,深圳市福田区NEO大厦C座14J              ,http://jobs.zhaopin.com/CZ723675740J00043150007.htm         ,ASO优化师（IOS),深圳市橙皇科技有限公司,zhilian
180,4001-6000   ,深圳          ,深圳市福田区竹子林益华大厦南710             ,http://jobs.zhaopin.com/399716617269027.htm                 ,软件开发工程师(java/c/c++/android/ios),深圳市丰泽高科信息技术有限公司,zhilian
181,9000-15000  ,深圳          ,深圳市福田区红荔西路第壹世界广场A座19层         ,http://jobs.zhaopin.com/231355919250951.htm                 ,iOS开发工程师,深圳前瞻资讯股份有限公司,zhilian
182,15001-20000 ,深圳          ,深圳市福田区梅林街道北环路梅林多丽工业小区多丽科技楼8层802室,http://jobs.zhaopin.com/514440788250090.htm                 ,ios开发工程师J10686,深圳货拉拉科技有限公司,zhilian
183,10001-15000 ,深圳          ,广东省深圳                         ,http://jobs.zhaopin.com/503574022251284.htm                 ,ios中级开发工程师,上海科匠信息科技有限公司,zhilian
184,15000-25000 ,深圳          ,深圳市福田区车公庙创新科技广场一期B座811        ,http://jobs.zhaopin.com/419737638250037.htm                 ,iOS开发工程师,滴滴优点科技(深圳)有限公司,zhilian
185,8000-15000  ,深圳          ,深圳市福田区                        ,http://jobs.zhaopin.com/435485814250238.htm                 ,ios开发工程师,深圳市博悦科创科技有限公司,zhilian
186,20000-30000 ,深圳          ,广东省深圳市南山区粤海街道高新南一道006号TCL工业研究院大厦A座8楼J/K单元,http://jobs.zhaopin.com/367248783250423.htm                 ,ios开发工程师-上海-01090,深圳市泉眼网络科技有限公司,zhilian
187,12000-24000 ,深圳          ,南山区滨海大道三诺智慧大厦25楼              ,http://jobs.zhaopin.com/476784710251107.htm                 ,IOS工程师,众安在线财产保险股份有限公司,zhilian
188,4001-6000   ,深圳          ,深圳市龙华区龙华街道创业路汇海广场B座23楼05      ,http://jobs.zhaopin.com/563118489250075.htm                 ,iOS/Android工程师助理,深圳市云和数据人力资源有限公司,zhilian
189,9000-17000  ,深圳          ,深圳南山区                         ,http://jobs.zhaopin.com/387663788250045.htm                 ,RN（IOS/Android）,深圳前海橙色魔方信息技术有限公司,zhilian
190,4001-6000   ,深圳          ,深圳市罗湖区嘉宾路太平洋商贸大厦B座            ,http://jobs.zhaopin.com/557395088250327.htm                 ,初级ios开发工程师,深圳市克乐科技有限公司,zhilian
191,4001-6000   ,深圳          ,广东省深圳市福田区车公庙财富广场A座17楼         ,http://jobs.zhaopin.com/CZ723351840J00086813401.htm         ,ios开发工程师（可招实习生）,深圳市深为软件技术有限公司,zhilian
192,6001-8000   ,深圳          ,深圳市南山区高新园大冲商务中心25层            ,http://jobs.zhaopin.com/CC485505283J00099010601.htm         ,手机软件开发工程师（android/ios端）,深圳市星诚软件开发有限公司,zhilian
193,面议          ,深圳          ,                              ,http://jobs.zhaopin.com/120072290293458.htm                 ,18796-WeGame Video IOS移动客户端开发（深圳）,深圳腾讯计算机系统有限公司,zhilian
194,15000-25000 ,深圳          ,深圳市南山区乌石头路8号天明科技大厦10、11层      ,http://jobs.zhaopin.com/379797738250577.htm                 ,ios开发工程师,东莞团贷网互联网科技服务有限公司,zhilian
195,15001-20000 ,深圳          ,深圳市                           ,http://jobs.zhaopin.com/545530129251760.htm                 ,iOS开发工程师--智能硬件技术中心,中移物联网有限公司,zhilian
196,面议          ,深圳          ,                              ,http://xiaoyuan.zhaopin.com/job/CC000909528J90000002000     ,BIOS研发工程师,深圳信步科技,zhilian
197,面议          ,深圳          ,                              ,http://xiaoyuan.zhaopin.com/job/CC000116133J90002954000     ,IOS开发工程师,秋季双选会,zhilian
198,面议          ,深圳          ,                              ,http://xiaoyuan.zhaopin.com/job/CC000116133J90002529000     ,ios开发工程师,秋季双选会,zhilian
199,面议          ,深圳          ,                              ,http://xiaoyuan.zhaopin.com/job/CC000116133J90001430000     ,iOS开发工程师,秋季双选会,zhilian
200,10001-15000 ,深圳          ,光明新区塘家南18号路欣旺达光明工厂            ,http://jobs.zhaopin.com/135947833253332.htm                 ,iOS开发工程师,欣旺达电子股份有限公司,zhilian
201,10001-15000 ,深圳          ,深圳公司地址：广东省深圳市福田区深南中路1002号新闻大厦1号楼1606/1609,http://jobs.zhaopin.com/143806558250254.htm                 ,IOS开发工程师,深圳市紫川软件有限公司,zhilian
202,10000-18000 ,深圳          ,南山区、福田区                       ,http://jobs.zhaopin.com/387663788250128.htm                 ,中高级IOS开发,深圳前海橙色魔方信息技术有限公司,zhilian
203,8000-13000  ,深圳          ,深圳达普信科技有限公司                   ,http://jobs.zhaopin.com/290512286250130.htm                 ,IOS开发工程师,深圳达普信科技有限公司,zhilian
204,15001-20000 ,深圳          ,深圳市南山区高新科技园北区北环大道旁紫光信息港C栋6楼608—611,http://jobs.zhaopin.com/654958021250284.htm                 ,iOS开发工程师,深圳超群高科技有限公司,zhilian
205,7000-14000  ,深圳          ,深圳市南山区沙河街道侨香路4060号香年广场C座1401  ,http://jobs.zhaopin.com/320228830250083.htm                 ,IOS运营主管/专员,深圳优依购互娱科技有限公司,zhilian
206,10000-20000 ,深圳          ,龙华区清祥路1号宝能科技园7栋A座7层           ,http://jobs.zhaopin.com/414633687250014.htm                 ,iOS软件开发工程师,深圳蝶变智慧医用技术有限公司,zhilian
207,10001-15000 ,深圳          ,罗湖区梨园路6号物资控股置地大厦19楼           ,http://jobs.zhaopin.com/700990427250101.htm                 ,IOS开发工程师,深圳市创盈金融控股有限公司,zhilian
208,8000-12000  ,深圳          ,深圳南山区乌石头路天明科技大厦3楼             ,http://jobs.zhaopin.com/283741433250158.htm                 ,IOS开发,深圳市考拉超课科技股份有限公司,zhilian
209,面议          ,深圳          ,                              ,http://jobs.zhaopin.com/120072290293888.htm                 ,18797-IOS客户端开发工程师（深圳）,深圳腾讯计算机系统有限公司,zhilian
210,15001-20000 ,深圳          ,深圳南山科兴科学园A4栋18楼               ,http://jobs.zhaopin.com/656755425250242.htm                 ,高级ios工程师,招联消费金融有限公司,zhilian
211,4001-6000   ,深圳          ,深圳市罗湖区嘉宾路太平洋商贸大厦B座            ,http://jobs.zhaopin.com/557395088250352.htm                 ,软件开发工程师(java/c/c++/android/ios),深圳市克乐科技有限公司,zhilian
212,面议          ,深圳          ,                              ,http://jobs.zhaopin.com/000127917288506.htm                 ,搜索事业部-IOS开发工程师-深圳,阿里巴巴集团,zhilian
213,面议          ,深圳          ,                              ,http://jobs.zhaopin.com/120072290293361.htm                 ,SNG04-QQ看点iOS 研发工程师（深圳）,深圳腾讯计算机系统有限公司,zhilian
214,面议          ,深圳          ,                              ,http://jobs.zhaopin.com/120072290293294.htm                 ,HY2-iOS高级开发工程师（深圳）,深圳腾讯计算机系统有限公司,zhilian
215,面议          ,深圳          ,                              ,http://jobs.zhaopin.com/120072290294232.htm                 ,24111-IOS开发,深圳腾讯计算机系统有限公司,zhilian
216,面议          ,深圳          ,                              ,http://jobs.zhaopin.com/120072290293821.htm                 ,21309-在线教育ios开发工程师（深圳）,深圳腾讯计算机系统有限公司,zhilian
217,面议          ,深圳          ,                              ,http://jobs.zhaopin.com/120072290293452.htm                 ,18796-IOS移动客户端开发（深圳）,深圳腾讯计算机系统有限公司,zhilian
218,8001-10000  ,深圳          ,深圳                            ,http://jobs.zhaopin.com/120143601268218.htm                 ,IOS开发工程师,浪潮集团有限公司,zhilian
219,面议          ,深圳          ,                              ,http://jobs.zhaopin.com/120072290293491.htm                 ,SNG04-QQ看点IOS视频客户端开发工程师（深圳）,深圳腾讯计算机系统有限公司,zhilian
220,15001-20000 ,深圳          ,南山区海德三道1126号卓越后海中心（11号线、2号线地铁后海站出来即是）,http://jobs.zhaopin.com/424188188251763.htm                 ,ios开发工程师,大连斯锐信息技术有限公司,zhilian
221,10001-15000 ,深圳          ,深圳市龙华新区龙华街道清祥路1号宝能科技园9栋C座10-12,http://jobs.zhaopin.com/154357126250821.htm                 ,IOS/Android开发工程师,广州赛意信息科技股份有限公司,zhilian
222,10001-15000 ,深圳          ,深圳南山区卓越后海中心                   ,http://jobs.zhaopin.com/135999435263374.htm                 ,iOS开发工程师,恒大地产集团有限公司,zhilian
223,20001-30000 ,深圳          ,深圳市南山区科技南路55号中兴通讯研发大楼         ,http://jobs.zhaopin.com/120146702314467.htm                 ,ios工程师,中兴通讯股份有限公司,zhilian
224,10001-15000 ,深圳          ,深圳市南山区科园路航天卫星大厦1501室          ,http://jobs.zhaopin.com/658422921251488.htm                 ,IOS开发工程师-科技赋能部,深圳市人人聚财金融信息服务有限公司,zhilian
225,6500-13000  ,深圳          ,南山区科技园高新中四道30号龙泰利科技大厦二楼       ,http://jobs.zhaopin.com/120619558252325.htm                 ,IOS开发工程师-云通讯CP,梦网荣信科技集团股份有限公司,zhilian
226,面议          ,深圳          ,                              ,http://xiaoyuan.zhaopin.com/job/CC007599267J90000038000     ,IOS开发工程师,顺丰速运有限公司,zhilian
227,4001-6000   ,深圳          ,深圳市福田区竹子林益华大厦南710             ,http://jobs.zhaopin.com/399716617269002.htm                 ,初级ios开发工程师,深圳市丰泽高科信息技术有限公司,zhilian
228,面议          ,深圳          ,南山软件产业基地                      ,http://jobs.zhaopin.com/508620126262374.htm                 ,IOS开发,中软国际科技服务有限公司深圳分公司,zhilian
229,10000-18000 ,深圳          ,深圳市南山区学府路怡化金融科技大厦17楼          ,http://jobs.zhaopin.com/CZ897681460J00033048303.htm         ,ios高级开发工程师,深圳市八斗才数据有限公司,zhilian
230,4001-6000   ,深圳          ,南山区科技园泰邦科技大厦                  ,http://jobs.zhaopin.com/CZ896806260J00048304203.htm         ,ios开发工程师,深圳华征大数据有限公司,zhilian
231,6001-8000   ,深圳          ,龙岗区坂田街道十二橡树庄园二期L3栋1202室       ,http://jobs.zhaopin.com/323905536250022.htm                 ,IOS开发工程师,深圳市智视科技有限公司,zhilian
232,10001-15000 ,深圳          ,深圳市高新技术产业园北区朗山路口紫光信息港C栋三层     ,http://jobs.zhaopin.com/555930222250172.htm                 ,IOS软件工程师,深圳市新和创智能科技有限公司,zhilian
233,8000-15000  ,深圳          ,深圳市南山科技园长园新材料港六栋一楼            ,http://jobs.zhaopin.com/604748331250002.htm                 ,IOS中级工程师,深圳市享开就开汽车有限公司,zhilian
234,7000-12000  ,深圳          ,科兴科学园A2栋1303                  ,http://jobs.zhaopin.com/404202580250066.htm                 ,ios工程师,深圳市善行医疗科技有限公司,zhilian
235,30000-40000 ,深圳          ,不受限制                          ,http://jobs.zhaopin.com/CZ717893880J00034047305.htm         ,iOS 架构师,Crossover for Work,zhilian
236,4001-6000   ,深圳          ,深圳市龙华区淘金地电子商务孵化基地e座911        ,http://jobs.zhaopin.com/453976487251502.htm                 ,ios开发工程师助理,海南海辰科技有限公司,zhilian
237,10001-15000 ,深圳          ,深圳市南山区高薪科技园南十二路九州电器大厦B座       ,http://jobs.zhaopin.com/196747219250842.htm                 ,IOS开发工程师,北京博睿宏远数据科技股份有限公司,zhilian
238,10000-20000 ,深圳          ,广东深圳市南山区高新技术园中区科苑大道讯美科技广场2号楼20层,http://jobs.zhaopin.com/495056821250539.htm                 ,ios开发工程师,深圳市乐易网络股份有限公司,zhilian
239,15000-25000 ,深圳          ,深圳市南山区科技中二路软件园10栋5楼           ,http://jobs.zhaopin.com/332923112251185.htm                 ,IOS开发高级工程师,嘉联支付有限公司,zhilian
240,15000-25000 ,深圳          ,深圳市南山区后海大道2388号怡化金融科技大厦17楼    ,http://jobs.zhaopin.com/CZ562114530J00026067506.htm         ,ios高级开发工程师,深圳市源极光科技有限公司,zhilian
241,8001-10000  ,深圳          ,深圳市宝安中心宏发领域大厦（宝安中心站b出口）       ,http://jobs.zhaopin.com/421432017250411.htm                 ,ios后台开发工程师,湖南由创科技有限责任公司,zhilian
242,10000-16000 ,深圳          ,深圳市南山区大冲商务中心华润置地大厦E座36A       ,http://jobs.zhaopin.com/CZ717128340J00055865503.htm         ,ios开发工程师,深圳市森特尔洗护管理有限公司,zhilian
243,6001-8000   ,深圳          ,深圳龙华区大浪街道腾龙路淘金地大厦E座9楼911。     ,http://jobs.zhaopin.com/546514689250359.htm                 ,急招iOS软件开发学徒,海南噜噜网络科技有限公司,zhilian
244,12000-18000 ,深圳          ,深圳福田区车公庙泰然八路泰然大厦C座3C          ,http://jobs.zhaopin.com/508897085250027.htm                 ,ios开发工程师,深圳瑞扬资讯科技有限公司,zhilian
245,4001-6000   ,深圳          ,深圳市福田区竹子林益华大厦南710             ,http://jobs.zhaopin.com/399716617269001.htm                 ,ios开发实习生,深圳市丰泽高科信息技术有限公司,zhilian
246,10000-15000 ,深圳          ,深圳市南山区大冲华润置地E座                ,http://jobs.zhaopin.com/509722030250029.htm                 ,IOS 工程师,深圳市云图资产管理有限公司,zhilian
247,8000-12000  ,深圳          ,深圳市南山区高新北六道38号绿创云谷大厦306       ,http://jobs.zhaopin.com/313624437250062.htm                 ,ios开发工程师 ios,深圳市上映科技有限公司,zhilian
248,面议          ,深圳          ,深圳市南山区科兴科学园                   ,http://jobs.zhaopin.com/508620126260472.htm                 ,ios审核（游戏产品）,中软国际科技服务有限公司深圳分公司,zhilian
249,面议          ,深圳          ,深圳市南山区科技园                     ,http://jobs.zhaopin.com/508620126261877.htm                 ,IOS开发工程师,中软国际科技服务有限公司深圳分公司,zhilian
250,4001-6000   ,深圳          ,深圳龙华区大浪街道腾龙路淘金地大厦E座9楼911。     ,http://jobs.zhaopin.com/453976487251793.htm                 ,急招初级iOS软件开发/带薪实习,海南海辰科技有限公司,zhilian
251,8000-15000  ,深圳          ,深圳市福田区福田一路与金田路交汇处生命保险大厦9楼908  ,http://jobs.zhaopin.com/275493738250301.htm                 ,iOS开发工程师,深圳市前海鹏悦普惠信息咨询有限公司,zhilian
252,30000-50000 ,深圳          ,深圳市福田区NEO大厦C座14J              ,http://jobs.zhaopin.com/CZ723675740J00044984407.htm         ,ios逆向破解专员,深圳市橙皇科技有限公司,zhilian
253,8000-15000  ,深圳          ,深圳软件产业基地5E栋905                ,http://jobs.zhaopin.com/CZ719882740J00056354703.htm         ,ios开发工程师,深圳市奇点创艺科技有限公司,zhilian
254,10000-20000 ,深圳          ,深圳市南山区深南大道9676号大冲商务中心D栋5楼     ,http://jobs.zhaopin.com/000423726257750.htm                 ,IOS开发工程师,深圳世联行地产顾问股份有限公司,zhilian
255,11000-20000 ,深圳          ,广州市增城区（外地可视频或者现场面试）           ,http://jobs.zhaopin.com/120179637252960.htm                 ,Android/IOS开发（广州职位 外地可面试）,北京柯莱特科技有限公司,zhilian
256,10000-20000 ,深圳          ,深圳市南山区科苑南路（深圳湾段）3331号阿里巴巴大厦T2座10层1002—1004,http://jobs.zhaopin.com/698947024250235.htm                 ,IOS推广经理,卫盈联信息技术(深圳)有限公司,zhilian
257,8000-15000  ,深圳          ,深圳龙华新区大浪鹊山路口云峰路展润大厦6楼8618     ,http://jobs.zhaopin.com/CZ438556180J00033766103.htm         ,ios,微创宝(深圳)网络科技有限公司,zhilian
258,10001-15000 ,深圳          ,深圳市南山区科园路航天卫星大厦1501室          ,http://jobs.zhaopin.com/658422921251481.htm                 ,IOS开发工程师,深圳市人人聚财金融信息服务有限公司,zhilian
259,面议          ,深圳          ,深圳市                           ,http://jobs.zhaopin.com/000613300255843.htm                 ,Android 架构/IOS 架构师,埃森哲(中国)有限公司,zhilian
260,6001-8000   ,深圳          ,深圳市龙华新区龙华街道办创业路汇海广场B23（03-08） ,http://jobs.zhaopin.com/392850630250380.htm                 ,iOS/Android工程师助理,深圳云和数据信息技术有限公司,zhilian
261,10-15万/年    ,深圳-光明新区     ,高新园西区7号路                      ,http://jobs.51job.com/shenzhen-gmxq/92838181.html?s=01&t=0  ,深圳科士达科技股份有限公司,iOS开发工程师,_51job
262,1.5-2.5万/月  ,深圳-南山区      ,南山区清华信息港科研楼309                ,http://jobs.51job.com/shenzhen-nsq/96409966.html?s=01&t=0   ,深圳云创车联网有限公司,高级iOS开发工程师,_51job
263,1.5-2.5万/月  ,深圳-南山区      ,深圳市南山区科苑大道讯美科技广场1号楼10A 懒人听书   ,http://jobs.51job.com/shenzhen-nsq/68731463.html?s=01&t=0   ,深圳市懒人在线科技有限公司,iOS高级开发工程师,_51job
264,0.6-1.2万/月  ,深圳-南山区      ,科技园                           ,http://jobs.51job.com/shenzhen-nsq/97861450.html?s=01&t=0   ,深圳市合尔为科技有限公司,iOS 开发工程师,_51job
265,1-2万/月      ,深圳-南山区      ,大冲商务中心C座1108室                 ,http://jobs.51job.com/shenzhen-nsq/97503657.html?s=01&t=0   ,匀富（深圳）电子商务有限公司,iOS开发工程师,_51job
266,0.6-1.2万/月  ,深圳-南山区      ,广东深圳南山区科技园南区高新南十二路 长虹科技大厦 2301,http://jobs.51job.com/shenzhen-nsq/95727909.html?s=01&t=0   ,深圳市微智云科技有限公司,IOS开发工程师,_51job
267,1-2万/月      ,深圳-南山区      ,科技园北区彩虹科技大厦5楼516              ,http://jobs.51job.com/shenzhen-nsq/95547309.html?s=01&t=0   ,深圳用我数据有限公司,iOS高级开发工程师,_51job
268,1.4-2.5万/月  ,深圳-南山区      ,阳光科创中心b座6楼                    ,http://jobs.51job.com/shenzhen-nsq/96968474.html?s=01&t=0   ,深圳火星圈信息技术有限公司,iOS开发工程师,_51job
269,0.8-1.6万/月  ,深圳-南山区      ,深圳湾生态科技园二区9栋                  ,http://jobs.51job.com/shenzhen-nsq/97905294.html?s=01&t=0   ,深圳猴彩科技有限公司,IOS开发工程师(和彩),_51job
270,1.5-2万/月    ,深圳-南山区      ,讯美科技广场1号楼512室                 ,http://jobs.51job.com/shenzhen-nsq/96314117.html?s=01&t=0   ,深圳思创科技服务有限公司,ios开发工程师,_51job
271,1.5-2.5万/月  ,深圳-南山区      ,铜鼓路大冲国际商务中心13楼                ,http://jobs.51job.com/shenzhen-nsq/87329540.html?s=01&t=0   ,深圳市前海谷雨网络科技有限公司,iOS开发工程师,_51job
272,0.7-1.2万/月  ,深圳-南山区      ,深圳市南山区科兴科学园A2座1303室           ,http://jobs.51job.com/shenzhen-nsq/91508081.html?s=01&t=0   ,深圳市善行医疗科技有限公司,ios工程师,_51job
273,0.7-1.5万/月  ,深圳-南山区      ,南海大道3025号创意大厦12楼              ,http://jobs.51job.com/shenzhen-nsq/98108626.html?s=01&t=0   ,深圳极数充网络科技有限公司,iOS开发工程师,_51job
274,1.5-2.5万/月  ,深圳-南山区      ,深圳市南山区后海大道2388号怡化金融科技大厦18楼    ,http://jobs.51job.com/shenzhen-nsq/97156073.html?s=01&t=0   ,深圳市源极光科技有限公司,iOS开发工程师,_51job
275,1.5-3万/月    ,深圳-南山区      ,科苑路11号金融科技大厦A座4楼A单元           ,http://jobs.51job.com/shenzhen-nsq/96420100.html?s=01&t=0   ,深圳市玖富网络科技有限公司,IOS高级开发工程师,_51job
276,1-1.5万/月    ,深圳-南山区      ,深圳市南山区科华路5号讯美科技广场2号楼788室      ,http://jobs.51job.com/shenzhen-nsq/92061997.html?s=01&t=0   ,深圳至臻天龙投资发展有限公司,iOS开发工程师,_51job
277,1-1.6万/月    ,深圳-南山区      ,深圳市南山区桃园路1号西海明珠大厦F座20层2001室   ,http://jobs.51job.com/shenzhen-nsq/96942428.html?s=01&t=0   ,北京比特大陆科技有限公司,iOS开发工程师,_51job
278,1-1.5万/月    ,深圳-南山区      ,长虹科技大厦1603                    ,http://jobs.51job.com/shenzhen-nsq/97785188.html?s=01&t=0   ,大连亿达信息技术有限公司深圳分公司,iOS开发工程师,_51job
279,1.2-2.4万/月  ,深圳-南山区      ,滨海大道三诺智慧大厦25楼                 ,http://jobs.51job.com/shenzhen-nsq/97756796.html?s=01&t=0   ,众安在线财产保险股份有限公司,IOS工程师,_51job
280,1-1.5万/月    ,深圳-南山区      ,科技园高新南七道风华科技大厦602室            ,http://jobs.51job.com/shenzhen-nsq/88670571.html?s=01&t=0   ,深圳市飞鱼星科技有限公司,iOS开发工程师（免费零食、水果）,_51job
281,1-1.5万/月    ,深圳-南山区      ,大冲国际中心13楼                     ,http://jobs.51job.com/shenzhen-nsq/97332792.html?s=01&t=0   ,深圳市芒柠科技有限公司,iOS开发工程师,_51job
282,1-1.5万/月    ,深圳-南山区      ,南山区科技园                        ,http://jobs.51job.com/shenzhen-nsq/87377910.html?s=01&t=0   ,深圳市同为数码科技股份有限公司,iOS研发工程师,_51job
283,16000-19000 ,深圳-南山区      ,深圳市南山区科兴科学园B2-303             ,http://jobs.zhaopin.com/343121883250000.htm                 ,ios 高级开发工程师（object-c / swift）,深圳市迷雾科技有限公司,zhilian
284,1.2-1.7万/月  ,深圳-南山区      ,科技园高新中四道30号龙泰利科技大厦二楼          ,http://jobs.51job.com/shenzhen-nsq/97229960.html?s=01&t=0   ,梦网荣信科技集团股份有限公司,高级iOS应用开发工程师--BKYF,_51job
285,1-1.4万/月    ,深圳-南山区      ,创维半导体设计大厦东座11层A10号            ,http://jobs.51job.com/shenzhen-nsq/93251184.html?s=01&t=0   ,深圳市镜玩科技有限公司,iOS高级开发工程师,_51job
286,1-1.5万/月    ,深圳-南山区      ,深圳市南山区科发路3号长城电脑大厦             ,http://jobs.51job.com/shenzhen-nsq/87381365.html?s=01&t=0   ,创业软件股份有限公司,iOS开发工程师,_51job
287,1.2-2万/月    ,深圳-南山区      ,南海大道1079号花园城数码大厦B座5-6层        ,http://jobs.51job.com/shenzhen-nsq/96679314.html?s=01&t=0   ,深圳市沃特沃德股份有限公司,IOS开发工程师,_51job
288,1-1.5万/月    ,深圳-南山区      ,深圳市南山区科苑路11号金融科技大厦A座25/26层    ,http://jobs.51job.com/shenzhen-nsq/95739555.html?s=01&t=0   ,深圳市智美达科技股份有限公司,IOS工程师,_51job
289,6-8千/月      ,深圳-南山区      ,深圳市南山区软件产业基地4A座206 （滨海之窗公交站）  ,http://jobs.51job.com/shenzhen-nsq/93692727.html?s=01&t=0   ,深圳市吉屋科技股份有限公司,iOS开发工程师,_51job
290,0.7-1.5万/月  ,深圳-南山区      ,深圳市南山区高新技术产业园区北区朗山路16号华瀚创新园A座703/708,http://jobs.51job.com/shenzhen-nsq/95435027.html?s=01&t=0   ,深圳极联开发科技有限公司,iOS开发工程师,_51job
291,0.8-1.2万/月  ,深圳-南山区      ,科技路1号桑达科技大厦602                ,http://jobs.51job.com/shenzhen-nsq/94920466.html?s=01&t=0   ,深圳市土星网络有限公司,iOS市场运营,_51job
292,1-1.5万/月    ,深圳-南山区      ,大冲商务中心华润置地大厦E座35G             ,http://jobs.51job.com/shenzhen-nsq/97117293.html?s=01&t=0   ,深圳市云图资产管理有限公司,iOS开发工程师,_51job
293,20-30万/年    ,深圳-南山区      ,深圳市南山区蛇口东角头渔一社区渔一工业大厦（利安商务大厦）六楼,http://jobs.51job.com/shenzhen-nsq/94984180.html?s=01&t=0   ,深圳半岛城邦房地产开发有限公司,移动软件工程师 - iOS（代招）,_51job
294,1-1.5万/月    ,深圳-南山区      ,南海大道南山大厦                      ,http://jobs.51job.com/shenzhen-nsq/94955174.html?s=01&t=0   ,深圳市博悦科创科技有限公司,iOS开发工程师,_51job
295,1-1.5万/月    ,深圳-南山区      ,南山科技园万德莱大厦南座三楼301B室           ,http://jobs.51job.com/shenzhen-nsq/85495986.html?s=01&t=0   ,深圳乐来科技有限公司,iOS开发工程师,_51job
296,1-1.5万/月    ,深圳-南山区      ,荟芳园                           ,http://jobs.51job.com/shenzhen-nsq/82748939.html?s=01&t=0   ,深圳市百迅科技有限公司,ios开发工程师,_51job
297,1-1.5万/月    ,深圳-南山区      ,南山特发信息港E栋503                  ,http://jobs.51job.com/shenzhen-nsq/97666465.html?s=01&t=0   ,深圳市前海爱开创科技有限公司,iOS开发工程师,_51job
298,1-2万/月      ,深圳-南山区      ,深圳市南山区科技园北区朗山路13号紫光信息港A103    ,http://jobs.51job.com/shenzhen-nsq/74561926.html?s=01&t=0   ,深圳市前海逸云科技有限公司,iOS开发工程师,_51job
299,0.8-1.2万/月  ,深圳-南山区      ,智慧广场 B 座16楼 1608 室            ,http://jobs.51job.com/shenzhen-nsq/91441727.html?s=01&t=0   ,昂沃斯科技（深圳）有限公司,IOS开发工程师,_51job
300,0.8-1.5万/月  ,深圳-南山区      ,粤海街道科苑路15号科兴科学园A1栋903室        ,http://jobs.51job.com/shenzhen-nsq/98073512.html?s=01&t=0   ,深圳市安德互联数据服务有限公司,iOS开发工程师,_51job
301,0.8-1.5万/月  ,深圳-南山区      ,深圳市南山区高新南区十道泰邦科技大厦12D         ,http://jobs.51job.com/shenzhen-nsq/96521445.html?s=01&t=0   ,微道（深圳）技术有限公司,IOS开发工程师,_51job
302,8000-15000  ,深圳-南山区      ,深圳市南山区粤海街道科园路1001号深圳湾创业投资大厦629号,http://jobs.zhaopin.com/560739532250016.htm                 ,IOS开发工程师,带投兵(深圳)网络科技股份有限公司,zhilian
303,1.5-2万/月    ,深圳-南山区      ,科兴科学园A4栋18楼                   ,http://jobs.51job.com/shenzhen-nsq/79234086.html?s=01&t=0   ,招联消费金融有限公司,高级ios工程师,_51job
304,1-1.5万/月    ,深圳-南山区      ,深圳市南山区大冲商务中心D座12楼             ,http://jobs.51job.com/shenzhen-nsq/98241386.html?s=01&t=0   ,深圳市六合数字科技有限公司,iOS开发工程师,_51job
305,2-2.5万/月    ,深圳-南山区      ,科兴科学园a4栋709                   ,http://jobs.51job.com/shenzhen-nsq/95966845.html?s=01&t=0   ,深圳市为爱普信息技术有限公司,iOS高级开发工程师,_51job
306,0.8-1.5万/月  ,深圳-南山区      ,科技园科技南八道豪威科技大厦8楼B室            ,http://jobs.51job.com/shenzhen-nsq/93627585.html?s=01&t=0   ,中海物业管理有限公司,iOS开发工程师,_51job
307,1-2万/月      ,深圳-南山区      ,粤兴三道9号华中科技大学深圳产学研基地A座10层      ,http://jobs.51job.com/shenzhen-nsq/96703734.html?s=01&t=0   ,深圳市街角电子商务有限公司,IOS开发工程师,_51job
308,1-2万/月      ,深圳-南山区      ,深南大道9966号威盛科技大厦2701           ,http://jobs.51job.com/shenzhen-nsq/92698103.html?s=01&t=0   ,深圳市优课在线教育有限公司,iOS开发工程师,_51job
309,2-3万/月      ,深圳-南山区      ,科技南12路12号朗诗大夏1202#            ,http://jobs.51job.com/shenzhen-nsq/98029951.html?s=01&t=0   ,夸克链科技（深圳）有限公司,IOS开发工程师（金融）,_51job
310,1.2-3万/月    ,深圳-南山区      ,大冲商务中心C座1905                  ,http://jobs.51job.com/shenzhen-nsq/96715131.html?s=01&t=0   ,中融数资科技（深圳）有限公司,iOS高级开发工程师,_51job
311,1-1.5万/月    ,深圳-南山区      ,金蝶软件园                         ,http://jobs.51job.com/shenzhen-nsq/97642830.html?s=01&t=0   ,深圳前海百递网络有限公司,iOS开发工程师,_51job
312,1-1.5万/月    ,深圳-南山区      ,南山区科技中二路深圳软件园一期2栋4D           ,http://jobs.51job.com/shenzhen-nsq/63509033.html?s=01&t=0   ,深圳市中科优创科技有限公司,iOS开发工程师,_51job
313,1-1.5万/月    ,深圳-南山区      ,科技园北区紫光信息港C305                ,http://jobs.51job.com/shenzhen-nsq/97771917.html?s=01&t=0   ,深圳市新和创智能科技有限公司,iOS软件工程师,_51job
314,0.7-1.5万/月  ,深圳-南山区      ,桃园路田厦国际中心A座3001               ,http://jobs.51job.com/shenzhen-nsq/98086408.html?s=01&t=0   ,深圳前海泰丰融资租赁有限公司,iOS开发工程师,_51job
315,0.8-1.5万/月  ,深圳-南山区      ,高新南七道7号数字技术园A3栋3层C区           ,http://jobs.51job.com/shenzhen-nsq/93179727.html?s=01&t=0   ,卓耐斯（深圳）信息技术有限公司,iOS开发工程师,_51job
316,0.8-1.5万/月  ,深圳-南山区      ,深圳湾科技生态园5栋C座                  ,http://jobs.51job.com/shenzhen-nsq/96464364.html?s=01&t=0   ,深圳市高搜易信息技术有限公司,安卓/IOS工程师,_51job
317,5-8千/月      ,深圳-南山区      ,深圳软件产业基地5C栋2楼205室3B           ,http://jobs.51job.com/shenzhen-nsq/72840248.html?s=01&t=0   ,深圳市云立方网络有限公司,IOS开发,_51job
318,1-1.5万/月    ,深圳-南山区      ,南山区科技园南十二路九洲电器大厦501-5F        ,http://jobs.51job.com/shenzhen-nsq/97780387.html?s=01&t=0   ,北京博睿宏远数据科技股份有限公司,iOS开发工程师,_51job
319,1.2-1.8万/月  ,深圳-南山区      ,深圳市南山科技园南区 深圳软件园T2-A栋509      ,http://jobs.51job.com/shenzhen-nsq/93364418.html?s=01&t=0   ,捷利港信软件（深圳）有限公司,IOS高级软件工程师-RY-02,_51job
320,1.5-2万/月    ,深圳-南山区      ,高新南六道泰邦科技大厦                   ,http://jobs.51job.com/shenzhen-nsq/66672952.html?s=01&t=0   ,金极点科技（北京）有限公司,iOS开发工程师,_51job
321,0.8-1.5万/月  ,深圳-南山区      ,白芒百旺信工业园2区7栋永联科技大厦            ,http://jobs.51job.com/shenzhen-nsq/97661990.html?s=01&t=0   ,深圳市永联科技股份有限公司,iOS开发工程师,_51job
322,1-2万/月      ,深圳-南山区      ,南山区深南大道10168号佳嘉豪商务大厦18A-01    ,http://jobs.51job.com/shenzhen-nsq/88037695.html?s=01&t=0   ,深圳市即构科技有限公司,iOS高级开发工程师,_51job
323,1-1.5万/月    ,深圳-南山区      ,深圳市南山区科园路航天卫星大厦1501室          ,http://jobs.51job.com/shenzhen-nsq/97487349.html?s=01&t=0   ,深圳市人人聚财金融信息服务有限公司,IOS开发工程师-科技赋能部,_51job
324,1-1.5万/月    ,深圳-南山区      ,科研路9号比克科技大厦9楼901D             ,http://jobs.51job.com/shenzhen-nsq/96575651.html?s=01&t=0   ,深圳黑曜石科技贸易有限公司,iOS开发工程师,_51job
325,1.5-2万/月    ,深圳-南山区      ,科技中一路19号赛百诺B栋4楼               ,http://jobs.51job.com/shenzhen-nsq/91531025.html?s=01&t=0   ,深圳市新国都技术股份有限公司,iOS开发工程师,_51job
326,1.8-2.5万/月  ,深圳-南山区      ,南山区高新园泰邦大厦19楼                 ,http://jobs.51job.com/shenzhen-nsq/97964852.html?s=01&t=0   ,深圳市九游网络科技有限公司,cocos lua 开发工程师（ios）,_51job
327,1.8-3万/月    ,深圳-南山区      ,高新南6道 工勘大厦                    ,http://jobs.51job.com/shenzhen-nsq/90213443.html?s=01&t=0   ,深圳我和网科技有限公司,iOS高级工程师,_51job
328,12-14万/年    ,深圳-南山区      ,科技园                           ,http://jobs.51job.com/shenzhen-nsq/96945103.html?s=01&t=0   ,万科企业股份有限公司,iOS开发工程师,_51job
329,1.5-2万/月    ,深圳-南山区      ,南山深圳湾科技生态园9栋B座22楼             ,http://jobs.51job.com/shenzhen-nsq/94817199.html?s=01&t=0   ,深圳市前海元亨投资中心（有限合伙）,iOS高级开发工程师,_51job
330,1-1.5万/月    ,深圳-南山区      ,赋安科技大厦A座301                   ,http://jobs.51job.com/shenzhen-nsq/95503157.html?s=01&t=0   ,深圳市天玖隆科技有限公司,iOS开发工程师,_51job
331,0.8-1.5万/月  ,深圳-南山区      ,深圳市软件产业基地5栋E座2楼113            ,http://jobs.51job.com/shenzhen-nsq/97686242.html?s=01&t=0   ,深圳市小普信息科技有限公司,iOS开发工程师,_51job
332,1-2万/月      ,深圳-南山区      ,深圳高新南区高新南六道航盛科技大厦6楼           ,http://jobs.51job.com/shenzhen-nsq/97144217.html?s=01&t=0   ,深圳炫彩互动科技有限公司,高薪急聘iOS、Android工程师,_51job
333,0.8-2万/月    ,深圳-南山区      ,深圳湾科技生态园7栋B座8楼811A            ,http://jobs.51job.com/shenzhen-nsq/95778899.html?s=01&t=0   ,深圳市艾特创新科技有限公司,iOS开发工程师,_51job
334,1-1.5万/月    ,深圳-南山区      ,蛇口街道后海路4号前进大厦4楼               ,http://jobs.51job.com/shenzhen-nsq/94121183.html?s=01&t=0   ,深圳市灵珞车品有限公司,iOS开发工程师,_51job
335,1.2-2万/月    ,深圳-南山区      ,南山科技园                         ,http://jobs.51job.com/shenzhen-nsq/76690788.html?s=01&t=0   ,深圳棒棒帮科技有限公司,IOS开发工程师,_51job
336,1.5-2.5万/月  ,深圳-南山区      ,科技中二路软件园二期10栋5楼               ,http://jobs.51job.com/shenzhen-nsq/97213042.html?s=01&t=0   ,嘉联支付有限公司,iOS高级开发工程师(区块链方向),_51job
337,16-32万/年    ,深圳-南山区      ,科技园中区科苑路5号南楼                  ,http://jobs.51job.com/shenzhen-nsq/96520429.html?s=01&t=0   ,普联技术有限公司（TP-LINK),iOS开发工程师,_51job
338,1-1.5万/月    ,深圳-南山区      ,桃源街道平山一路平山大园工业区3栋101          ,http://jobs.51job.com/shenzhen-nsq/88115041.html?s=01&t=0   ,深圳趣凡网络科技有限公司,iOS高级开发工程师,_51job
339,4.5-6千/月    ,深圳-南山区      ,中科三路国人通信大厦2108                ,http://jobs.51job.com/shenzhen-nsq/79063905.html?s=01&t=0   ,深圳市尚锐科技有限公司,IOS开发工程师,_51job
340,0.8-1.2万/月  ,深圳-南山区      ,深圳南山区海德三道天利中央广场一期20楼          ,http://jobs.51job.com/shenzhen-nsq/97664747.html?s=01&t=0   ,万达宝软件（深圳）有限公司,IOS开发工程师（有经验的）,_51job
341,0.6-1.2万/月  ,深圳-南山区      ,南山大道南油第四工业区三栋4-5楼             ,http://jobs.51job.com/shenzhen-nsq/94848753.html?s=01&t=0   ,深圳市泛海三江科技发展有限公司,iOS开发工程师,_51job
342,1.5-2.5万/月  ,深圳-南山区      ,西丽街道学苑大道1001号智园B1栋9楼          ,http://jobs.51job.com/shenzhen-nsq/96723552.html?s=01&t=0   ,深圳市道通智能航空技术有限公司,IOS开发工程师/高级IOS开发工程师,_51job
343,1-1.5万/月    ,深圳-南山区      ,海天二路深圳软件产业基地6栋                ,http://jobs.51job.com/shenzhen-nsq/94922874.html?s=01&t=0   ,深圳悦智网络科技有限公司,iOS开发工程师,_51job
344,0.5-1万/月    ,深圳-南山区      ,软件产业基地5栋A座802室                ,http://jobs.51job.com/shenzhen-nsq/91957248.html?s=01&t=0   ,深圳市大象互娱网络科技有限公司,ios开发工程师,_51job
345,1-1.5万/月    ,深圳-南山区      ,深圳市南山区高新技术园北区北环大道9018号大族创新大厦A区5层,http://jobs.51job.com/shenzhen-nsq/97150049.html?s=01&t=0   ,深圳市杉川机器人有限公司,iOS开发工程师,_51job
346,0.6-2万/月    ,深圳-南山区      ,沙河街道侨香路4060号香年广场C座1401        ,http://jobs.51job.com/shenzhen-nsq/96191672.html?s=01&t=0   ,深圳优依购互娱科技有限公司,ios运营(专员/主管）,_51job
347,1.5-2万/月    ,深圳-南山区      ,南山区科园路软件产业基地2C栋401            ,http://jobs.51job.com/shenzhen-nsq/76580157.html?s=01&t=0   ,深圳市矽伟智科技有限公司,iOS开发工程师,_51job
348,1-1.5万/月    ,深圳-南山区      ,深圳市南山区高新南七道2号数字技术园A1栋4楼A区     ,http://jobs.51job.com/shenzhen-nsq/73186937.html?s=01&t=0   ,深圳市虚拟现实技术有限公司,IOS开发工程师,_51job
349,1-1.5万/月    ,深圳-南山区      ,科技南十二路先健科技大厦22层               ,http://jobs.51job.com/shenzhen-nsq/96740017.html?s=01&t=0   ,深圳市华讯通信技术有限公司,iOS开发工程师,_51job
350,1-1.6万/月    ,深圳-南山区      ,深圳市南山区科技园大冲商务中心D栋6楼Q房金服       ,http://jobs.51job.com/shenzhen-nsq/95718783.html?s=01&t=0   ,深圳前海小科互联网金融服务有限公司,iOS开发工程师,_51job
351,1-1.5万/月    ,深圳-南山区      ,高新南六道航盛科技大厦20H                ,http://jobs.51job.com/shenzhen-nsq/95585103.html?s=01&t=0   ,深圳市华创科新科技有限公司,中高级ios工程师,_51job
352,0.6-1.2万/月  ,深圳-南山区      ,南山区科苑路6号讯美科技大厦2号楼1701         ,http://jobs.51job.com/shenzhen-nsq/88138017.html?s=01&t=0   ,深圳市牛牛通宝科技文化产业有限公司,iOS开发工程师,_51job
353,0.8-1万/月    ,深圳-南山区      ,学府路软件产业基本1A18楼                ,http://jobs.51job.com/shenzhen-nsq/91244815.html?s=01&t=0   ,深圳市正东兴通讯设备有限公司,IOS工程师,_51job
354,0.8-1.6万/月  ,深圳-南山区      ,科苑大道讯美科技广场2号楼20层              ,http://jobs.51job.com/shenzhen-nsq/91976222.html?s=01&t=0   ,深圳市乐易网络股份有限公司,IOS,_51job
355,1-2万/月      ,深圳-南山区      ,锦绣花园二期D栋23F                   ,http://jobs.51job.com/shenzhen-nsq/97894018.html?s=01&t=0   ,广东合一新材料研究院有限公司,iOS开发工程师,_51job
356,1-1.5万/月    ,深圳-南山区      ,南山区东滨路4078号永新时代广场（永新汇）二号楼11-12楼（双层）,http://jobs.51job.com/shenzhen-nsq/98038207.html?s=01&t=0   ,健康160（原就医160）,iOS 工程师,_51job
357,10.8-36.4万/年,深圳-南山区      ,中国广东省深圳市南山区高新南九道威新软件园5号楼3层    ,http://jobs.51job.com/shenzhen-nsq/98056832.html?s=01&t=0   ,亿磐系统(深圳)有限公司,iOS开发工程师,_51job
358,1-1.5万/月    ,深圳-南山区      ,同方信息港D栋                       ,http://jobs.51job.com/shenzhen-nsq/94494409.html?s=01&t=0   ,前海爱翼科技（深圳）有限公司,iOS开发工程师,_51job
359,1.2-2万/月    ,深圳-南山区      ,深圳市南山区海岸城中洲控股中心B座14楼          ,http://jobs.51job.com/shenzhen-nsq/97114660.html?s=01&t=0   ,深圳万盈互联网金融服务有限公司,iOS开发工程师,_51job
360,0.7-1.2万/月  ,深圳-南山区      ,深圳 - 南山区 - 金骐智谷大厦（桃源街道崇文花园4号办公楼）1009号,http://jobs.51job.com/shenzhen-nsq/93011203.html?s=01&t=0   ,深圳道乐科技有限公司,iOS开发工程师,_51job
361,2-3万/月      ,深圳-南山区      ,南山区高新中一道长园新材料港                ,http://jobs.51job.com/shenzhen-nsq/96062085.html?s=01&t=0   ,深圳市拇指游玩科技有限公司,高级iOS开发工程师,_51job
362,0.7-1.2万/月  ,深圳-南山区      ,科技园软件产业基地4栋裙楼5层514号           ,http://jobs.51job.com/shenzhen-nsq/95238447.html?s=01&t=0   ,上海网达软件股份有限公司,iOS开发工程师,_51job
363,1-1.5万/月    ,深圳-南山区      ,深圳市南山区深圳湾生态科技园7栋B座11楼1106室    ,http://jobs.51job.com/shenzhen-nsq/97503303.html?s=01&t=0   ,思力科（深圳）电子科技有限公司,ios系统app软件工程师,_51job
364,1.2-2万/月    ,深圳-南山区      ,南海大道3025号创意大厦                 ,http://jobs.51job.com/shenzhen-nsq/79563395.html?s=01&t=0   ,微马体育控股有限公司,iOS开发工程师,_51job
365,1.5-2.5万/月  ,深圳-南山区      ,科兴科学园A2栋605                   ,http://jobs.51job.com/shenzhen-nsq/96405650.html?s=01&t=0   ,深圳开黑科技有限公司,iOS高级开发工程师,_51job
366,1.4-1.6万/月  ,深圳-南山区      ,深圳市南山区海德三道1126号卓越后海中心34楼信息化中心（后海地铁站H出口）,http://jobs.51job.com/shenzhen-nsq/98256784.html?s=01&t=0   ,大连东软思维科技发展有限公司,ios开发工程师（外派）,_51job
367,1-1.5万/月    ,深圳-南山区      ,深圳市南山区科技园高新南四路与科技南八路交汇处泰邦科技大厦709,http://jobs.51job.com/shenzhen-nsq/73885456.html?s=01&t=0   ,广东酷配电子商务有限公司,ios开发工程师,_51job
368,0.8-1万/月    ,深圳-南山区      ,高新区北区郎山路13号清华紫光科技园A栋6层        ,http://jobs.51job.com/shenzhen-nsq/91669248.html?s=01&t=0   ,深圳市易拓迈克科技有限公司,Android/IOS开发工程师,_51job
369,15000-20000 ,深圳-南山区      ,深圳市南山区高新科技园中国科技开发院19楼A        ,http://jobs.zhaopin.com/568943826251121.htm                 ,ios开发工程师-AS,广东乐心医疗电子股份有限公司,zhilian
370,8000-12000  ,深圳-南山区      ,深圳市南山区科发路3号长城电脑大厦1栋2楼2001     ,http://jobs.zhaopin.com/563797328250681.htm                 ,iOS开发工程师,创业软件股份有限公司,zhilian
371,9000-15000  ,深圳-南山区      ,深圳市南山区学府路软件产业基地5E526室         ,http://jobs.zhaopin.com/666079121250036.htm                 ,IOS开发工程师,深圳象翌微链软件技术有限公司,zhilian
372,15000-30000 ,深圳-南山区      ,深圳科技园大冲商务中心A座                 ,http://jobs.zhaopin.com/269549425251440.htm                 ,高级iOS开发工程师,厦门美图网科技有限公司,zhilian
373,10001-15000 ,深圳-南山区      ,深圳市南山区铜鼓路大冲国际中心5号楼40层4001     ,http://jobs.zhaopin.com/147087802251161.htm                 ,渠道运营专员（iOS方向）,厦门吉比特网络技术股份有限公司,zhilian
374,8000-12000  ,深圳-南山区      ,深圳市南山区学府路中山大学深圳产学研大楼          ,http://jobs.zhaopin.com/705274027250219.htm                 ,IOS工程师,深圳市开门电子商务有限公司,zhilian
375,12000-20000 ,深圳-南山区      ,总部：南山区蛇口南海大道1079号花园城数码大厦B座5-6层，分部：深圳市南山区西丽镇创盛路1号康和盛大厦6-7楼,http://jobs.zhaopin.com/334763188250335.htm                 ,IOS开发工程师,深圳市沃特沃德股份有限公司,zhilian
376,7000-12000  ,深圳-南山区      ,深圳市南山区科技园软件产业基地4栋裙楼           ,http://jobs.zhaopin.com/533458823250111.htm                 ,IOS开发工程师,合肥网达软件有限公司,zhilian
377,10001-15000 ,深圳-南山区      ,深圳市南山区科技南十二路长虹科技大厦22楼G区       ,http://jobs.zhaopin.com/264430586250035.htm                 ,iOS开发工程师,深圳前海钱富通互联网金融服务有限公司,zhilian
378,9000-18000  ,深圳-南山区      ,深圳市南山高新科技园高新南九道威新软件园8号楼8楼     ,http://jobs.zhaopin.com/168731610250712.htm                 ,IOS Developer-Obejective C 软件开发,亿磐系统(深圳)有限公司,zhilian
379,15000-30000 ,深圳-南山区      ,深圳市南山区蛇口网谷万海大厦C栋503           ,http://jobs.zhaopin.com/253081031250492.htm                 ,iOS安全研发工程师,深圳爱加密科技有限公司,zhilian
380,8001-10000  ,深圳-南山区      ,深圳市                           ,http://jobs.zhaopin.com/227321082250110.htm                 ,IOS软件测试员 五险一金 双休双薪,深圳市谨信科技有限公司,zhilian
381,8000-12000  ,深圳-南山区      ,深圳市南山区科技南十二路长虹科技大厦1209-1210   ,http://jobs.zhaopin.com/227101082250096.htm                 ,IOS工程师,深圳市易课文化科技有限公司,zhilian
382,10000-20000 ,深圳-南山区      ,深圳市南山区粤海街道科技园科技路1号桑达科技大厦三楼303室,http://jobs.zhaopin.com/395707282250336.htm                 ,中级iOS开发工程师,维正集团,zhilian
383,9000-15000  ,深圳-南山区      ,南山区高新科技园科苑南路中地数码大楼B201        ,http://jobs.zhaopin.com/224800210250293.htm                 ,ios应用开发工程师,深圳市海美迪科技股份有限公司,zhilian
384,8000-15000  ,深圳-南山区      ,深圳市南山区高新中一路华强高新发展大楼9-15楼      ,http://jobs.zhaopin.com/193586618250110.htm                 ,IOS开发工程师,华强方特文化科技集团股份有限公司,zhilian
385,15000-30000 ,深圳-南山区      ,南山区科技园科兴科学园C3栋9楼              ,http://jobs.zhaopin.com/447244528250052.htm                 ,iOS开发工程师,深圳市富途网络科技有限公司,zhilian
386,10001-15000 ,深圳-南山区      ,深圳市南山区泰邦科技大厦17楼17G            ,http://jobs.zhaopin.com/605954386250011.htm                 ,iOS开发工程师（急）,深圳牙领科技有限公司,zhilian
387,10001-15000 ,深圳-南山区      ,深圳市南山区后海大道2388号怡化金融科技大厦18楼    ,http://jobs.zhaopin.com/562114535250006.htm                 ,iOS开发工程师,深圳市源极光科技有限公司,zhilian
388,8001-10000  ,深圳-南山区      ,深圳市南山区平山一路民企科技园2栋2层东201室      ,http://jobs.zhaopin.com/646447128250071.htm                 ,IOS工程师,吉林省施泰信息技术股份有限公司,zhilian
389,10001-15000 ,深圳-南山区      ,深圳市南山区高新技术开发区高新南十二路2号         ,http://jobs.zhaopin.com/000152478270759.htm                 ,IOS开发工程师,金蝶软件（中国）有限公司,zhilian
390,8000-12000  ,深圳-南山区      ,南山区科技路1号桑达科技大厦602             ,http://jobs.zhaopin.com/255809631250085.htm                 ,iOS市场运营,深圳市土星网络有限公司,zhilian
391,10001-15000 ,深圳-南山区      ,深圳市南山区科技园宝深路科陆大厦A座13楼         ,http://jobs.zhaopin.com/389396785250083.htm                 ,IOS系统开发工程师,海豚大数据网络科技(深圳)有限公司,zhilian
392,10001-15000 ,深圳-南山区      ,广东省深圳市南山区蛇口                   ,http://jobs.zhaopin.com/166428213250165.htm                 ,iOS开发工程师,上海速强信息技术有限公司,zhilian
393,12000-18000 ,深圳-南山区      ,深圳市南山区蛇口南海大道1079号数码大厦B座303    ,http://jobs.zhaopin.com/688998424250273.htm                 ,高级开发工程师（ios/android）,深圳游禧科技有限公司,zhilian
394,8000-16000  ,深圳-南山区      ,深圳市南山区大冲商务中心B座13楼             ,http://jobs.zhaopin.com/466965980250011.htm                 ,IOS开发工程师,深圳市芒柠科技有限公司,zhilian
395,12000-20000 ,深圳-南山区      ,深圳市南山区科技园                     ,http://jobs.zhaopin.com/238790430250128.htm                 ,IOS高级开发工程师 （深圳）,深圳友德医科技有限公司,zhilian
396,20001-30000 ,深圳-南山区      ,南山区科苑路16号东方科技大厦1703           ,http://jobs.zhaopin.com/441921682250135.htm                 ,IOS负责人,上海燕致网络科技有限公司深圳分公司,zhilian
397,10001-15000 ,深圳-南山区      ,深圳南山区高新南一道万德莱大厦南座301B         ,http://jobs.zhaopin.com/190287020250399.htm                 ,IOS开发工程师,深圳乐来科技有限公司,zhilian
398,10000-18000 ,深圳-南山区      ,深圳市南山区中山园路1001号TCL产业园国际E城E1栋8层,http://jobs.zhaopin.com/137261580250955.htm                 ,IOS开发工程师（游戏）,深圳市东方博雅科技有限公司,zhilian
399,6000-12000  ,深圳-南山区      ,深圳市南山区科技园                     ,http://jobs.zhaopin.com/560842226250027.htm                 ,iOS 开发工程师,深圳市合尔为科技有限公司,zhilian
400,15001-20000 ,深圳-南山区      ,深圳市南山区后海大道2388号怡化金融科技大厦17楼    ,http://jobs.zhaopin.com/562550032250067.htm                 ,ios开发工程师（深圳）,深圳市八斗才数据有限公司,zhilian
401,8000-16000  ,深圳-南山区      ,深圳市南山高新科技园大冲国际中心5栋501         ,http://jobs.zhaopin.com/608018625250427.htm                 ,iOS开发工程师,深圳市红鸟网络科技股份有限公司,zhilian
402,12000-18000 ,深圳-南山区      ,深圳市南山区后海大道2388号怡化金融科技大厦18楼    ,http://jobs.zhaopin.com/544024686250005.htm                 ,iOS开发工程师（深圳）,深圳市前海谷雨网络科技有限公司,zhilian
403,20001-30000 ,深圳-南山区      ,深圳市科技园中区科苑路15号科兴科学园A栋4单元709   ,http://jobs.zhaopin.com/368923717250167.htm                 ,iOS高级开发工程师,深圳市为爱普信息技术有限公司,zhilian
404,10001-15000 ,深圳-南山区      ,深圳市南山区海翔广场                    ,http://jobs.zhaopin.com/519268337250000.htm                 ,iOS SDK开发工程师,罗城仫佬族自治县顶联科技有限责任公司深圳办事处,zhilian
405,4001-6000   ,深圳-南山区      ,广东省深圳市南山区平山一路民企科技园2栋2层东201室   ,http://jobs.zhaopin.com/646447128250118.htm                 ,IOS开发工程师（实习）,吉林省施泰信息技术股份有限公司,zhilian
406,12000-24000 ,深圳-南山区      ,深圳市南山区深圳湾生态科技园7栋B座11楼1106室    ,http://jobs.zhaopin.com/CZ896041960J00050718305.htm         ,ios系统app软件工程师,思力科(深圳)电子科技有限公司,zhilian
407,10001-15000 ,深圳-南山区      ,深圳市南山区科技园北区清华信息港B座一楼          ,http://jobs.zhaopin.com/325039335250019.htm                 ,IOS研发工程师,深圳市易电能源互联网科技有限公司,zhilian
408,8000-15000  ,深圳-南山区      ,深圳市南山区科技园科发路3号长城电脑大厦1号楼AB段1楼28,http://jobs.zhaopin.com/462743387250030.htm                 ,IOS工程师,深圳市快读科技有限公司,zhilian
409,15000-25000 ,深圳-南山区      ,深圳市南山区粤海街道高新南一道中科大厦18B        ,http://jobs.zhaopin.com/569349089250029.htm                 ,高级ios,深圳市国智互联网科技有限公司,zhilian
410,10000-20000 ,深圳-南山区      ,深圳市南山区科技园中区科苑路5号南楼            ,http://jobs.zhaopin.com/120073817251240.htm                 ,iOS开发工程师,普联技术有限公司,zhilian
411,2001-4000   ,深圳-南山区      ,广东深圳市                         ,http://jobs.zhaopin.com/120564559253000.htm                 ,IOS实习工程师,深圳市长亮科技股份有限公司,zhilian
412,15000-25000 ,深圳-南山区      ,深圳市南山区高新区中区科研路9号比克科技大厦10楼     ,http://jobs.zhaopin.com/224679518252504.htm                 ,iOS开发工程师,深圳市彬讯科技有限公司,zhilian
413,4001-6000   ,深圳-南山区      ,广东深圳市南山区沙河西路深圳湾科技生态园一区2栋A座5楼  ,http://jobs.zhaopin.com/120564559252871.htm                 ,IOS开发工程师（上海长亮—深圳）,深圳市长亮科技股份有限公司,zhilian
414,10001-15000 ,深圳-南山区      ,科技中二路软件园                      ,http://jobs.zhaopin.com/CC456924080J00098502901.htm         ,ios开发工程师(深圳）,常州云校智能科技有限公司,zhilian
415,10001-15000 ,深圳-南山区      ,深圳市软件产业基地5栋E座2楼113            ,http://jobs.zhaopin.com/CZ505273880J00056366905.htm         ,iOS开发工程师,深圳市小普信息科技有限公司,zhilian
416,15001-20000 ,深圳-南山区      ,深圳市福田区（购物公园地铁站附近）             ,http://jobs.zhaopin.com/350770413250096.htm                 ,ios开发,深圳兴融联科技股份有限公司,zhilian
417,15001-20000 ,深圳-南山区      ,南山区科技园高新中四道30号龙泰利科技大厦二楼       ,http://jobs.zhaopin.com/120619558252333.htm                 ,高级iOS应用开发工程师--BKYF,梦网荣信科技集团股份有限公司,zhilian
418,15001-20000 ,深圳-南山区      ,深圳市南山区科苑路科兴科学园C3栋502          ,http://jobs.zhaopin.com/477989182250050.htm                 ,IOS开发（奇虎360）,深圳市华阅文化传媒有限公司,zhilian
419,10001-15000 ,深圳-南山区      ,深圳市南山区高新技术产业园区高新南六道迈科龙大厦1501# ,http://jobs.zhaopin.com/302965034250749.htm                 ,IOS开发工程师,云杉智慧新能源技术有限公司,zhilian
420,10000-15000 ,深圳-南山区      ,深圳市南山区科华路讯美科技广场2栋788          ,http://jobs.zhaopin.com/334363035250105.htm                 ,ios开发工程师（急聘）,深圳至臻天龙投资发展有限公司,zhilian
421,8000-16000  ,深圳-南山区      ,深圳南山区登良路恒裕中心                  ,http://jobs.zhaopin.com/592504522250427.htm                 ,高级iOS开发工程师,深圳中博网络技术有限公司,zhilian
422,7000-14000  ,深圳-南山区      ,深圳市南山区马家龙大新路88号金龙工业区64栋2楼     ,http://jobs.zhaopin.com/247352918250096.htm                 ,iOS工程师,佳思德科技(深圳)有限公司,zhilian
423,15001-20000 ,深圳-南山区      ,深圳市南山区科技园                     ,http://jobs.zhaopin.com/602273321265513.htm                 ,高级iOS客户端开发工程师,北京世纪好未来教育科技有限公司,zhilian
424,10001-15000 ,深圳-南山区      ,深圳市南山区后海路4号前进大厦4楼             ,http://jobs.zhaopin.com/517475226250381.htm                 ,iOS开发工程师,深圳市灵珞车品有限公司,zhilian
425,10001-15000 ,深圳-南山区      ,深圳市前海德科医疗科技有限公司               ,http://jobs.zhaopin.com/399213736250019.htm                 ,ios开发工程师,深圳市前海德科医疗科技有限公司,zhilian
426,15000-30000 ,深圳-南山区      ,深圳市南山科技南12路28号康佳研发大厦20A-C     ,http://jobs.zhaopin.com/253686714250862.htm                 ,iOS高级开发工程师,深圳市六度人和科技有限公司,zhilian
427,15001-20000 ,深圳-南山区      ,深圳市南山区东滨路4078号（东滨与南光路交汇处）永新汇3号楼7楼,http://jobs.zhaopin.com/426256413250627.htm                 ,高级IOS开发工程师,深圳市环球易购电子商务有限公司,zhilian
428,10001-15000 ,深圳-南山区      ,深圳市南山区留仙大道1213号众冠红花岭工业南区2区1栋2楼,http://jobs.zhaopin.com/367148819250125.htm                 ,IOS工程师,深圳市普特生物医学工程有限公司,zhilian
429,0.5-1万/月    ,深圳-坪山区      ,深圳市坪山新区比亚迪路3009号比亚迪总部         ,http://jobs.51job.com/shenzhen-psq/96570476.html?s=01&t=0   ,比亚迪股份有限公司,iOS开发工程师,_51job
430,1-1.5万/月    ,深圳-宝安区      ,宝安中心区罗田路体育中心游泳馆一楼茶阅世界茶阅会      ,http://jobs.51job.com/shenzhen-baq/94751914.html?s=01&t=0   ,深圳茶通电子商务有限公司,iOS开发工程师,_51job
431,6-8千/月      ,深圳-宝安区      ,西乡宝源路互联网产业基地A区2栋5楼            ,http://jobs.51job.com/shenzhen-baq/95625336.html?s=01&t=0   ,深圳市发掘科技有限公司,ios开发人员,_51job
432,6-8千/月      ,深圳-宝安区      ,松岗松罗路                         ,http://jobs.51job.com/shenzhen-baq/83677595.html?s=01&t=0   ,鹏鼎控股（深圳）股份有限公司,ios开发工程师,_51job
433,0.7-1万/月    ,深圳-宝安区      ,西乡桃花源科技创新园第4分园，4楼             ,http://jobs.51job.com/shenzhen-baq/87939836.html?s=01&t=0   ,深圳市华图测控系统有限公司,iOS开发工程师,_51job
434,0.8-1.5万/月  ,深圳-宝安区      ,深圳市宝安67区留仙一路高新奇战略新兴产业园区2期1号楼2A02室,http://jobs.51job.com/shenzhen-baq/97317067.html?s=01&t=0   ,深圳华会科技有限公司,IOS开发工程师,_51job
435,1-1.5万/月    ,深圳-宝安区      ,宝安区西乡街道西堤一巷金华酒店               ,http://jobs.51job.com/shenzhen-baq/97007440.html?s=01&t=0   ,深圳鲜淘科技有限公司,iOS开发工程师,_51job
436,2-3.5万/月    ,深圳-宝安区      ,深圳市宝安区西乡街道76区前进二路丽景城          ,http://jobs.51job.com/shenzhen-baq/94496018.html?s=01&t=0   ,深圳市澳静乐贸易有限公司,Ios高级开发工程师（出差柬埔寨）,_51job
437,1-2万/月      ,深圳-宝安区      ,深圳市宝安区新安街道创业二路139号新一代信息技术产业园C栋520室,http://jobs.51job.com/shenzhen-baq/96478293.html?s=01&t=0   ,深圳智芯数据服务有限公司,IOS高级工程师,_51job
438,0.6-1.2万/月  ,深圳-宝安区      ,西乡铁岗桃花科技创新园第一分园2栋4楼           ,http://jobs.51job.com/shenzhen-baq/68113570.html?s=01&t=0   ,深圳市赛亿科技开发有限公司,iOS开发工程师,_51job
439,0.8-1.5万/月  ,深圳-宝安区      ,固戍泰华梧桐岛13B四楼                  ,http://jobs.51job.com/shenzhen-baq/95620147.html?s=01&t=0   ,深圳市安全家科技有限公司,iOS开发工程师,_51job
440,1-1.5万/月    ,深圳-宝安区      ,石岩街道宝石东路209号宏发世纪城一期C栋13A      ,http://jobs.51job.com/shenzhen-baq/65013738.html?s=01&t=0   ,深圳市脉果儿网络科技有限责任公司,IOS开发工程师,_51job
441,0.6-1.2万/月  ,深圳-宝安区      ,宝安区西乡街道办航城工业城河东工业园B栋5-6楼      ,http://jobs.51job.com/shenzhen-baq/97069031.html?s=01&t=0   ,深圳市泰吉通电子有限公司,iOS APP工程师,_51job
442,10001-15000 ,深圳-宝安区      ,深圳市宝安区华丰金融港（宝体地铁站附进）          ,http://jobs.zhaopin.com/137848443250531.htm                 ,IOS软件工程师,深圳京柏医疗科技股份有限公司,zhilian
443,0.8-1.5万/月  ,深圳-宝安区      ,建安一路鸿泰富大厦618                  ,http://jobs.51job.com/shenzhen-baq/98194852.html?s=01&t=0   ,深圳市和智物联科技有限公司,iOS开发工程师,_51job
444,0.8-2万/月    ,深圳-宝安区      ,留仙二路中粮商务公园2栋1505              ,http://jobs.51job.com/shenzhen-baq/87118520.html?s=01&t=0   ,深圳友友科技有限公司,iOS开发工程师,_51job
445,0.6-1万/月    ,深圳-宝安区      ,新安一路3005号中锦大厦12层              ,http://jobs.51job.com/shenzhen-baq/97950943.html?s=01&t=0   ,深圳多点互联科技有限公司,iOS开发工程师,_51job
446,1-1.5万/月    ,深圳-宝安区      ,深圳市宝安区松岗街道罗田井山路12号世峰科技园A栋5楼（导航：罗田第三工业区，雅佳工业园、罗田幼儿园）,http://jobs.51job.com/shenzhen-baq/92636222.html?s=01&t=0   ,深圳市蓝禾照明有限公司,iOS开发工程师,_51job
447,1-1.5万/月    ,深圳-宝安区      ,深圳市宝安区西乡固戍东方建富愉盛工业园8栋3-4楼     ,http://jobs.51job.com/shenzhen-baq/73465785.html?s=01&t=0   ,深圳市麦驰安防技术有限公司,IOS应用开发工程师,_51job
448,8001-10000  ,深圳-宝安区      ,深圳市宝安区西乡街道美兰商务中心23楼           ,http://jobs.zhaopin.com/458300039250039.htm                 ,IOS开发工程师,深圳好住网络科技有限公司,zhilian
449,10001-15000 ,深圳-宝安区      ,宝安西乡街道宝源路财富港大厦D座1202b         ,http://jobs.zhaopin.com/675833628250083.htm                 ,IOS开发工程师,深圳腾千里科技有限公司,zhilian
450,1.3-1.8万/月  ,深圳-宝安区      ,深圳市宝安区西乡街道艺峦大厦3栋901-902       ,http://jobs.51job.com/shenzhen-baq/96377672.html?s=01&t=0   ,深圳市永达兴科技有限公司,iOS开发工程师,_51job
451,8000-16000  ,深圳-宝安区      ,深圳市宝安区西乡桃花源科技创新一园2栋4楼         ,http://jobs.zhaopin.com/182889612250087.htm                 ,IOS开发工程师,深圳市赛亿科技开发有限公司,zhilian
452,1-1.5万/月    ,深圳-福田区      ,卓越时代广场                        ,http://jobs.51job.com/shenzhen-ftq/96046244.html?s=01&t=0   ,深圳前海全盈科技有限公司,iOS开发工程师,_51job
453,1-1.5万/月    ,深圳-福田区      ,卓越大厦22楼                       ,http://jobs.51job.com/shenzhen-ftq/92343919.html?s=01&t=0   ,深圳市善林互联网金融服务有限责任...,高级IOS开发工程师,_51job
454,0.5-1万/月    ,深圳-福田区      ,福田区梅林街道奥士达路4号（奥士达大厦）A座4层411   ,http://jobs.51job.com/shenzhen-ftq/98148669.html?s=01&t=0   ,广州泓友贸易有限公司,iOS软件工程师,_51job
455,1.2-2.5万/月  ,深圳-福田区      ,福田区金田路3038号现代国际大厦1501室        ,http://jobs.51job.com/shenzhen-ftq/88022973.html?s=01&t=0   ,深圳市首控微金资本管理控股有限公司,高级IOS开发工程师,_51job
456,1.2-2.5万/月  ,深圳-福田区      ,福强路福田体育公园文化产业总部大厦18-20楼       ,http://jobs.51job.com/shenzhen-ftq/74527821.html?s=01&t=0   ,星美控股集团有限公司,IOS高级开发工程师,_51job
457,0.8-1.3万/月  ,深圳-福田区      ,福田区车公庙泰然六路52号雪松大厦A座5D         ,http://jobs.51job.com/shenzhen-ftq/68314728.html?s=01&t=0   ,深圳前海明磊融创科技有限公司,IOS研发工程师,_51job
458,0.8-1.5万/月  ,深圳-福田区      ,福华三路168号荣超国际商会中心35楼           ,http://jobs.51job.com/shenzhen-ftq/97942471.html?s=01&t=0   ,环球资源（华南区）,iOS开发工程师,_51job
459,1-1.8万/月    ,深圳-福田区      ,深圳市福田区金田路金中环商务大厦2601-2603     ,http://jobs.51job.com/shenzhen-ftq/85265275.html?s=01&t=0   ,深圳乾立亨基金管理有限公司,iOS/Android（苹果/安卓）开发工程师,_51job
460,1.5-2万/月    ,深圳-福田区      ,京基滨河时代广场大厦4203                ,http://jobs.51job.com/shenzhen-ftq/98282922.html?s=01&t=0   ,深圳华旗盛世网络科技有限公司,iOS开发工程师,_51job
461,6-8千/月      ,深圳-福田区      ,都市阳光名苑1座4楼                    ,http://jobs.51job.com/shenzhen-ftq/94259544.html?s=01&t=0   ,深圳易天堂网络技术有限公司,iOS开发工程师,_51job
462,0.8-1.5万/月  ,深圳-福田区      ,深圳市福田区深南大道2001号嘉麟豪庭C座13F      ,http://jobs.51job.com/shenzhen-ftq/98075319.html?s=01&t=0   ,好办易网络科技（深圳）有限公司,iOS开发工程师,_51job
463,0.8-1.2万/月  ,深圳-福田区      ,福田区深南大道6007号创展中心601C          ,http://jobs.51job.com/shenzhen-ftq/65022654.html?s=01&t=0   ,深圳市全潮科技有限公司,ios开发工程师,_51job
464,1-1.9万/月    ,深圳-福田区      ,深南大道1006号深圳国际创新中心A座           ,http://jobs.51job.com/shenzhen-ftq/74226024.html?s=01&t=0   ,康美健康云服务有限公司,IOS开发工程师,_51job
465,0.8-1.5万/月  ,深圳-福田区      ,深圳市福田区北环大道上梅林多丽工业园科技楼10层1005  ,http://jobs.51job.com/shenzhen-ftq/96931633.html?s=01&t=0   ,深圳市四海软件有限公司,iOS游戏开发工程师,_51job
466,6-8千/月      ,深圳-福田区      ,南园路70号上田大厦12楼ABC              ,http://jobs.51job.com/shenzhen-ftq/90544390.html?s=01&t=0   ,广东伊步网络科技有限公司,iOS开发工程师,_51job
467,1.2-2万/月    ,深圳-福田区      ,深南大道6011号NEO大厦A座42楼           ,http://jobs.51job.com/shenzhen-ftq/87008995.html?s=01&t=0   ,深圳合时代金融服务有限公司,iOS开发工程师,_51job
468,1.5-2万/月    ,深圳-福田区      ,深圳市福田区滨河路辅道新洲十一街139号中央西谷大厦    ,http://jobs.51job.com/shenzhen-ftq/98023936.html?s=01&t=0   ,广东来艾健康科技有限公司,iOS开发工程师,_51job
469,1-2万/月      ,深圳-福田区      ,红岭南路30号岁宝百货4楼                 ,http://jobs.51job.com/shenzhen-ftq/96662089.html?s=01&t=0   ,深圳岁宝百货有限公司,iOS开发工程师,_51job
470,1-2万/月      ,深圳-福田区      ,深圳福田八卦三路荣生大厦208               ,http://jobs.51job.com/shenzhen-ftq/97260622.html?s=01&t=0   ,深圳乐易住智能科技股份有限公司,iOS开发工程师,_51job
471,1-1.5万/月    ,深圳-福田区      ,八卦岭                           ,http://jobs.51job.com/shenzhen-ftq/82175705.html?s=01&t=0   ,成都迈思信息技术有限公司,IOS开发工程师,_51job
472,0.8-1.5万/月  ,深圳-福田区      ,深圳市八卦三路八卦岭工业区426栋东307-308     ,http://jobs.51job.com/shenzhen-ftq/98017043.html?s=01&t=0   ,深圳市壹厘米科技有限公司,iOS开发工程师,_51job
473,1-2万/月      ,深圳-福田区      ,深圳福田区华安保险大厦西塔福华一路1205室        ,http://jobs.51job.com/shenzhen-ftq/97795987.html?s=01&t=0   ,深圳前海数维时代科技有限公司,iOS开发工程师,_51job
474,1-1.5万/月    ,深圳-福田区      ,深圳市福田区上梅林广夏路3号金广夏文科园4楼西       ,http://jobs.51job.com/shenzhen-ftq/97478842.html?s=01&t=0   ,深圳市朗强科技有限公司,iOS开发工程师,_51job
475,0.9-1.3万/月  ,深圳-福田区      ,福保街道金花路29号华金一号大厦D707          ,http://jobs.51job.com/shenzhen-ftq/97817780.html?s=01&t=0   ,深圳前海橙色魔方信息技术有限公司,iOS开发工程师,_51job
476,1.2-3万/月    ,深圳-福田区      ,福华一路6号免税商务大厦塔楼12楼整层           ,http://jobs.51job.com/shenzhen-ftq/98232386.html?s=01&t=0   ,深圳恒创科技有限公司,IOS架构师,_51job
477,1-1.5万/月    ,深圳-福田区      ,新沙路8号国都高尔夫花园2期2楼              ,http://jobs.51job.com/shenzhen-ftq/96658116.html?s=01&t=0   ,深圳市星品优汇电子商务有限公司,iOS开发工程师,_51job
478,0.6-1万/月    ,深圳-福田区      ,深圳市福田区深南大道6008号特区报社晶报大厦7楼     ,http://jobs.51job.com/shenzhen-ftq/97526238.html?s=01&t=0   ,深圳市伦茨科技有限公司,iOS App开发工程师,_51job
479,1-1.5万/月    ,深圳-福田区      ,卓越世纪中心3号楼                     ,http://jobs.51job.com/shenzhen-ftq/98230362.html?s=01&t=0   ,卓越置业集团有限公司,iOS开发工程师,_51job
480,0.8-1.3万/月  ,深圳-福田区      ,香蜜湖街道紫竹六道联泰大厦9楼               ,http://jobs.51job.com/shenzhen-ftq/90658952.html?s=01&t=0   ,深圳小微金融服务有限公司,iOS工程师,_51job
481,0.8-1.5万/月  ,深圳-福田区      ,深圳市福田区福田一路与金田路交汇处生命保险大厦9楼908单元,http://jobs.51job.com/shenzhen-ftq/97473352.html?s=01&t=0   ,深圳市前海鹏悦普惠信息咨询有限公司,iOS开发工程师,_51job
482,2-5万/月      ,深圳-福田区      ,天安数码城                         ,http://jobs.51job.com/shenzhen-ftq/98202056.html?s=01&t=0   ,深圳市创想天空科技股份有限公司,IOS逆向工程师,_51job
483,0.9-1.5万/月  ,深圳-福田区      ,深圳市福田区红荔西路第壹世界广场A座19楼全层       ,http://jobs.51job.com/shenzhen-ftq/59371896.html?s=01&t=0   ,深圳前瞻资讯股份有限公司,iOS开发工程师,_51job
484,2-2.5万/月    ,深圳-福田区      ,深圳市福田区石厦北二街新天世纪商务中心C座         ,http://jobs.51job.com/shenzhen-ftq/86595959.html?s=01&t=0   ,CLOUDAXIS LIMITED,高级iOS开发工程师,_51job
485,4.5-6千/月    ,深圳-福田区      ,竹子林益华大厦                       ,http://jobs.51job.com/shenzhen-ftq/98254920.html?s=01&t=0   ,深圳市佳创科技有限公司,初级ios开发工程师/app开发(双休+奖金),_51job
486,1-2万/月      ,深圳-福田区      ,金田路3038号现代国际商务大厦2909          ,http://jobs.51job.com/shenzhen-ftq/98051789.html?s=01&t=0   ,深圳前海易享资本管理有限公司,iOS开发工程师,_51job
487,10001-15000 ,深圳-福田区      ,平安金融中心                        ,http://jobs.zhaopin.com/120678891250596.htm                 ,IOS开发工程师,深圳金证科技股份有限公司,zhilian
488,9000-15000  ,深圳-福田区      ,福田京基滨河时代大厦A座3606              ,http://jobs.zhaopin.com/326727134250259.htm                 ,IOS开发工程师,桂林智神信息技术有限公司,zhilian
489,8000-16000  ,深圳-福田区      ,深圳市福田区深南中路1002号新闻大厦1号楼2315    ,http://jobs.zhaopin.com/368972787250163.htm                 ,IOS开发工程师,深圳市迈集网络科技有限公司,zhilian
490,10001-15000 ,深圳-福田区      ,深圳市福田区车公庙深南中路NEO大厦42A         ,http://jobs.zhaopin.com/577704725250175.htm                 ,高级IOS开发工程师,深圳合时代金融服务有限公司,zhilian
491,8001-10000  ,深圳-福田区      ,深圳市福田区人民大厦707                 ,http://jobs.zhaopin.com/CZ716290040J00033446605.htm         ,ios开发工程师,深圳讼融通网络科技有限公司,zhilian
492,10001-15000 ,深圳-福田区      ,深圳市福田保税区市花路1号创凌通大厦B栋13楼       ,http://jobs.zhaopin.com/134558470250997.htm                 ,ios开发工程师,深圳市雁联技术服务有限公司,zhilian
493,15000-25000 ,深圳-福田区      ,深圳市福田区深南大道2061号喜年中心24楼        ,http://jobs.zhaopin.com/479188637250037.htm                 ,BIOS软件工程师,深圳市杰科电子有限公司,zhilian
494,面议          ,深圳-福田区      ,购物公园平安金融大厦                    ,http://jobs.zhaopin.com/508620126257269.htm                 ,IOS开发工程师,中软国际科技服务有限公司深圳分公司,zhilian
495,10000-12000 ,深圳-福田区      ,深圳前海橙色魔方信息技术有限公司              ,http://jobs.zhaopin.com/387663788250013.htm                 ,IOS开发工程师,深圳前海橙色魔方信息技术有限公司,zhilian
496,15000-30000 ,深圳-福田区      ,深圳市福田区免税大厦12层整层               ,http://jobs.zhaopin.com/470206084250049.htm                 ,IOS架构师,深圳恒创科技有限公司,zhilian
497,6001-8000   ,深圳-福田区      ,福田区滨河大道联合广场A座55楼              ,http://jobs.zhaopin.com/318677585250022.htm                 ,IOS开发工程师,深圳市智融会金融服务有限公司,zhilian
498,面议          ,深圳-福田区      ,深圳市福田区中心五路18号星河中心20-24楼       ,http://jobs.zhaopin.com/184865922252423.htm                 ,IOS开发工程师（星河金融）,星河控股集团有限公司,zhilian
499,8000-13000  ,深圳-福田区      ,深圳市福田区香蜜湖街道竹子林联泰大厦九层          ,http://jobs.zhaopin.com/665144328250216.htm                 ,iOS工程师,深圳小微金融服务有限公司,zhilian
500,6001-8000   ,深圳-福田区      ,深圳市福田区上步南路国企大厦永富楼15A室         ,http://jobs.zhaopin.com/303987611250231.htm                 ,iOS App开发工程师（智能家居）,深圳市百灵佳科技有限公司,zhilian
501,2001-4000   ,深圳-福田区      ,深圳市福田区上步南路国企大厦永富楼15A室         ,http://jobs.zhaopin.com/303987611250293.htm                 ,iOS开发工程师,深圳市百灵佳科技有限公司,zhilian
502,10000-15000 ,深圳-福田区      ,深圳市福田区沙头街道新沙路北侧国都高尔夫花园（绿致轩、绿怡轩及绿陶轩）裙楼02层01B（仅限办公）,http://jobs.zhaopin.com/450200038250113.htm                 ,IOS开发工程师,深圳市汇采购电子商务有限公司,zhilian
503,8000-16000  ,深圳-罗湖区      ,深圳市罗湖区春风路3023号庐山大厦A座1901-1903 ,http://jobs.zhaopin.com/571842520250079.htm                 ,IOS开发工程师,深圳市纽尔科技有限公司,zhilian
504,10000-20000 ,深圳-罗湖区      ,深南东路4003号世界金融中心A座36楼          ,http://jobs.zhaopin.com/191768423251735.htm                 ,iOS开发工程师,深圳茂业商厦有限公司,zhilian
505,1-1.5万/月    ,深圳-罗湖区      ,深南东路2028号罗湖商务中心2403-05        ,http://jobs.51job.com/shenzhen-lhq/97836885.html?s=01&t=0   ,深圳市泛亚物流有限公司,iOS高级开发工程师,_51job
506,6001-8000   ,深圳-罗湖区      ,广州市天河区棠安路288号天盈创意园2110A       ,http://jobs.zhaopin.com/CZ724873290J00027889602.htm         ,海外IOS开发工程师,广州市腾智网络科技服务有限公司,zhilian
507,10001-15000 ,深圳-罗湖区      ,深圳市                           ,http://jobs.zhaopin.com/227321082250123.htm                 ,ios软件性能测试,深圳市谨信科技有限公司,zhilian
508,6500-9000   ,深圳-罗湖区      ,深圳市                           ,http://jobs.zhaopin.com/607223127250953.htm                 ,IOS软件测试员 五险一金 双休双薪,深圳市川石信息技术有限公司,zhilian
509,10001-15000 ,深圳-罗湖区      ,深圳市罗湖区深南东路2098号广田集团盛华大厦11层    ,http://jobs.zhaopin.com/377309532250227.htm                 ,IOS开发工程师,深圳广田云万家科技有限公司,zhilian
510,10001-15000 ,深圳-罗湖区      ,罗湖区宝安北路桃园商业大厦5010             ,http://jobs.zhaopin.com/372643138250009.htm                 ,IOS开发工程师,深圳市致远鸿图科技有限公司,zhilian
511,10000-15000 ,深圳-罗湖区      ,深圳市罗湖区翠竹路维平珠宝大厦12栋5楼东         ,http://jobs.zhaopin.com/310736733250030.htm                 ,iOS开发工程师,深圳市爱度网联科技股份有限公司,zhilian
512,0.8-1万/月    ,深圳-罗湖区      ,罗湖区宝安南路2014号振业大厦22楼BC1        ,http://jobs.51job.com/shenzhen-lhq/97486925.html?s=01&t=0   ,广东万人邦科技有限公司,iOS开发工程师,_51job
513,1-1.5万/月    ,深圳-罗湖区      ,京基一百大厦A座5109                  ,http://jobs.51job.com/shenzhen-lhq/97456601.html?s=01&t=0   ,深圳安速商业运营有限公司,iOS技术经理,_51job
514,0.5-1万/月    ,深圳-罗湖区      ,人民南路国贸大厦                      ,http://jobs.51job.com/shenzhen-lhq/86747032.html?s=01&t=0   ,万保刚电子贸易（深圳）有限公司,ios/Android等智能手机软件工程师,_51job
515,10001-15000 ,深圳-罗湖区      ,深圳龙华新区上塘地铁站A出口淘金地大厦           ,http://jobs.zhaopin.com/227321082250164.htm                 ,ios软件自动化测试助理,深圳市谨信科技有限公司,zhilian
516,7000-10000  ,深圳-龙华新区     ,深圳市龙华新区梅龙大道43号南贤商业广场A座1511    ,http://jobs.zhaopin.com/504253332250053.htm                 ,IOS开发工程师,深圳市惠学教育网络有限公司,zhilian
517,10001-15000 ,深圳-龙华新区     ,建设路与东环二路交界处中执时代广场B座23层        ,http://jobs.zhaopin.com/CZ634132030J00031968704.htm         ,iOS开发工程师,摩根数字产业孵化集团(深圳)有限公司,zhilian
518,1-1.5万/月    ,深圳-龙华新区     ,深圳市龙华新区深圳北站附近南贤商业广场A座18楼17A08室,http://jobs.51job.com/shenzhen-lhxq/96906693.html?s=01&t=0  ,深圳前海第一网络科技有限公司,iOS开发工程师/苹果开发工程师/软件开发工程师,_51job
519,1-1.5万/月    ,深圳-龙华新区     ,龙华区民治地铁口A出口向南大厦509室           ,http://jobs.51job.com/shenzhen-lhxq/96591139.html?s=01&t=0  ,东莞市富米网络技术有限公司,iOS高级开发工程师,_51job
520,1-2.5万/月    ,深圳-龙华新区     ,龙华街道清龙路卫东龙工业区3栋3楼             ,http://jobs.51job.com/shenzhen-lhxq/95624137.html?s=01&t=0  ,深圳市研测科技有限公司,iOS开发工程师,_51job
521,0.8-1万/月    ,深圳-龙华新区     ,广东省深圳市龙华新区观澜街道桔塘社区福前路268号     ,http://jobs.51job.com/shenzhen-lhxq/85698203.html?s=01&t=0  ,深圳市必联电子有限公司,iOS app开发工程师,_51job
522,1.5-2万/月    ,深圳-龙华新区     ,龙华新区大浪街道龙胜社区工业西路龙胜时代大厦1402    ,http://jobs.51job.com/shenzhen-lhxq/84449423.html?s=01&t=0  ,深圳市鑫溢网络科技有限公司,IOS开发工程师,_51job
523,6001-8000   ,深圳-龙华新区     ,深圳亿腾信息互联咨询有限公司                ,http://jobs.zhaopin.com/512777331250156.htm                 ,APP测试（IOS）五险一金+提供住宿,深圳亿腾信息互联咨询有限公司,zhilian
524,15-20万/年    ,深圳-龙华新区     ,龙华街道清祥路1号宝能科技园9栋C座10-12层      ,http://jobs.51job.com/shenzhen-lhxq/68886784.html?s=01&t=0  ,广州赛意信息科技股份有限公司,IOS/Android开发工程师,_51job
525,2500-4500   ,深圳-龙华新区     ,深圳市龙华新区梅龙大道142号大唐时代大厦B座1202号  ,http://jobs.zhaopin.com/565538130250465.htm                 ,IOS软件开发+晋升空间大,广州玖维信息科技有限公司,zhilian
526,6001-8000   ,深圳-龙华新区     ,深圳市宝安区龙华镇油松第十工业区东环二路02号       ,http://jobs.zhaopin.com/146033881263765.htm                 ,iOS开发工程师,富士康科技集团,zhilian
527,4001-6000   ,深圳-龙华新区     ,广东省深圳市龙华区港之龙商务中心C座(清湖地铁站东)附近  ,http://jobs.zhaopin.com/515357132252171.htm                 ,IOS开发工程师,广州海度网络科技有限公司,zhilian
528,4001-6000   ,深圳-龙华新区     ,广东省深圳市龙华区港之龙商务中心C座(清湖地铁站东)附近  ,http://jobs.zhaopin.com/515357132252172.htm                 ,IOS开发工程师助理,广州海度网络科技有限公司,zhilian
529,1-2万/月      ,深圳-龙华新区     ,龙华新区梅坂大道民乐科技园圆梦科技大厦705室       ,http://jobs.51job.com/shenzhen-lhxq/94278444.html?s=01&t=0  ,深圳阿弗艾德电子有限公司,iOS开发工程师,_51job
530,2800-4500   ,深圳-龙华新区     ,深圳市龙华新区梅龙大道清湖地铁A出口直走右转500米    ,http://jobs.zhaopin.com/566985188250425.htm                 ,急招iOS开发助理,广州动点网络科技有限公司,zhilian
531,4001-6000   ,深圳-龙华新区     ,深圳市龙华区大浪街腾龙路淘金地电子商务孵化基地展滔商业广场E座910-911,http://jobs.zhaopin.com/CZ893242160J00087595301.htm         ,ios开发实习生,海南海辰科技有限公司深圳分公司,zhilian
532,5000-8000   ,深圳-龙华新区     ,深圳龙华新区龙华街道工业西路38号圳宝工业区3栋3楼    ,http://jobs.zhaopin.com/355344314250054.htm                 ,IOS苹果手机软件工程师,深圳市炫彩光电有限公司,zhilian
533,4.5-6千/月    ,深圳-龙华新区     ,东环二路嘉辉商务中心1208                ,http://jobs.51job.com/shenzhen-lhxq/85401775.html?s=01&t=0  ,深圳市引力源科技有限公司,iOS开发工程师,_51job
534,2-2.5万/月    ,深圳-龙华新区     ,龙华街道天汇大厦                      ,http://jobs.51job.com/shenzhen-lhxq/97183636.html?s=01&t=0  ,深圳信达环球电子商贸有限公司,ios越狱开发,_51job
535,1-1.5万/月    ,深圳-龙华新区     ,龙华街道清祥路清湖科技园B栋2F-268          ,http://jobs.51job.com/shenzhen-lhxq/97815367.html?s=01&t=0  ,深圳市易佰网络科技有限公司,iOS开发工程师,_51job
536,1.5-2万/月    ,深圳-龙华新区     ,深圳市龙华新区清湖村清宁路1号富安娜工业园         ,http://jobs.51job.com/shenzhen-lhxq/96473007.html?s=01&t=0  ,深圳市富安娜家居用品股份有限公司,APP开发工程师（安卓/ios系统）,_51job
537,6-8千/月      ,深圳-龙岗区      ,龙西村宝鹰工业园B区B栋二楼                ,http://jobs.51job.com/shenzhen-lgq/95899248.html?s=01&t=0   ,深圳市鸿昊丰电子科技有限公司,iOS开发工程师,_51job
538,0.8-1万/月    ,深圳-龙岗区      ,布吉南湾街道布沙路57号荔景商务c501          ,http://jobs.51job.com/shenzhen-lgq/96926014.html?s=01&t=0   ,深圳上方网络科技有限公司,iOS开发工程师,_51job
539,1-1.5万/月    ,深圳-龙岗区      ,深圳市龙岗区雪岗南路羽利厂工业区（吉华路交界）4楼     ,http://jobs.51job.com/shenzhen-lgq/94331234.html?s=01&t=0   ,深圳市益荣信息有限公司,iOS开发工程师,_51job
540,0.8-1.5万/月  ,深圳-龙岗区      ,岗头市场风门坳工业区领胜新厂                ,http://jobs.51job.com/shenzhen-lgq/93377497.html?s=01&t=0   ,领胜电子科技（深圳）有限公司,IOS开发工程师,_51job
541,8000-15000  ,深圳-龙岗区      ,深圳市龙岗区坂田雅园路5号坂田创意园Y4栋         ,http://jobs.zhaopin.com/320056485250049.htm                 ,ios高级开发工程师,深圳市安居星信息科技有限公司,zhilian
542,8001-10000  ,深圳-龙岗区      ,深圳市龙岗区坂田上雪科技园西区3号3栋4楼         ,http://jobs.zhaopin.com/459470030250035.htm                 ,IOS工程师,深圳市黑卡科技有限公司,zhilian
543,8001-10000  ,深圳-龙岗区      ,深圳市龙岗区布澜路甘李工业园金苹果创新园A栋17楼     ,http://jobs.zhaopin.com/508829620250354.htm                 ,IOS开发,臻宝通(深圳)互联网科技有限公司,zhilian
544,4000-8000   ,深圳-龙岗区      ,深圳市梅林关口星河WorldB座24楼2408B(梅板大道和雅宝路交界),http://jobs.zhaopin.com/245496187250034.htm                 ,初级iOS工程师,深圳市视酷信息技术有限公司,zhilian
545,0.6-1.2万/月  ,深圳-龙岗区      ,龙岗区龙福路5号荣超英隆大厦A座2楼201         ,http://jobs.51job.com/shenzhen-lgq/95545271.html?s=01&t=0   ,深圳市智慧天下网络科技有限公司,iOS开发工程师,_51job
546,8000-12000  ,深圳-龙岗区      ,深圳市龙岗区坂田街道天安云谷                ,http://jobs.zhaopin.com/415154430250418.htm                 ,iOS开发工程师,天下同音(深圳)信息科技有限公司,zhilian
547,12000-20000 ,深圳-龙岗区      ,深圳市龙岗区南湾街道丹竹头康正路48号莲塘工业区办公楼四楼 ,http://jobs.zhaopin.com/146614953250564.htm                 ,IOS软件工程师,深圳市卡联科技股份有限公司,zhilian
548,15001-20000 ,深圳-龙岗区      ,广东省深圳市龙岗区坂田街道雪岗路2018号天安云谷1栋A座附近公交站台信息：岗头村委（334/M346/M383/M272/M281/M309等）,http://jobs.zhaopin.com/138117190281434.htm                 ,IOS开发工程师（3个月短期）-500强手机公司,北京外企德科人力资源服务上海有限公司,zhilian
549,1.5-2万/月    ,深圳-龙岗区      ,雅宝路1号星河world  E座9楼            ,http://jobs.51job.com/shenzhen-lgq/83296378.html?s=01&t=0   ,深圳市泽宝电子商务股份有限公司,高级Ios工程师,_51job
